dessert_category,region,query,name,road_address,jibun_address,telephone,external_link,category_text,mapx,mapy,longitude,latitude,geocode_error
saltbread,daegu,대구 용지역 소금빵,차성민과자점 한마음점,경상남도 창원시 성산구 원이대로682번길 14 삼광빌딩 1층,경상남도 창원시 성산구 상남동 10-3 삼광빌딩 1층,,https://www.instagram.com/chasungmin_bakery,"카페,디저트>베이커리",1286866752,352221357,128.6865855,35.2221112,
saltbread,daegu,대구 용지역 소금빵,니재빵집,경상남도 창원시 성산구 원이대로 674 니재빵집,경상남도 창원시 성산구 상남동 2-6 니재빵집,,,"카페,디저트>베이커리",1286868044,352232414,128.6868267,35.2233048,
saltbread,daegu,대구 용지역 소금빵,그레이핍플 창원상남점,경상남도 창원시 성산구 마디미로4번길 5 1층 그레이핍플 창원 상남,경상남도 창원시 성산구 상남동 5-4 1층 그레이핍플 창원 상남,,https://www.graypipple.com/,"음식점>카페,디저트",1286850827,352239578,128.6850439,35.2239004,
saltbread,daegu,대구 용지역 소금빵,겐츠베이커리 롯데백화점창원점,경상남도 창원시 성산구 중앙대로 124 롯데백화점창원점 B1,경상남도 창원시 성산구 상남동 79 롯데백화점창원점 B1,,http://www.gentz.co.kr/,"카페,디저트>베이커리",1286819971,352244776,128.6818926,35.2245629,
saltbread,daegu,대구 남산역 소금빵,홍쌀빵,"부산광역시 금정구 금샘로 488 1,2층","부산광역시 금정구 남산동 989-14 1,2층",,,"카페,디저트>베이커리",1290848115,352664315,129.0848595,35.2664341,
saltbread,daegu,대구 남산역 소금빵,셀라스,부산광역시 금정구 금샘로 538,부산광역시 금정구 남산동 972-3,,http://www.instagram.com/selahs.official,"음식점>카페,디저트",1290853361,352702906,129.0853111,35.270179,
saltbread,daegu,대구 남산역 소금빵,브레드빈 범어사 본점,부산광역시 금정구 중앙대로 2097 브레드빈 본점 (1층 2층),부산광역시 금정구 남산동 21-4 브레드빈 본점 (1층 2층),,https://www.instagram.com/breadbean_official,"카페,디저트>베이커리",1290924364,352716635,129.0924221,35.2716432,
saltbread,daegu,대구 남산역 소금빵,카페론디,부산광역시 금정구 금강로 730 1층,부산광역시 금정구 남산동 17-11 1층,,https://blog.naver.com/londi730,"음식점>카페,디저트",1290892310,352726612,129.089231,35.2726612,
saltbread,daegu,대구 남산역 소금빵,남산562,"부산광역시 금정구 금샘로 562 3층, 4층(남산동)","부산광역시 금정구 남산동 962-14 3층, 4층()",,https://www.instagram.com/namsan_562_,"음식점>카페,디저트",1290853577,352726723,129.0853577,35.2726723,
saltbread,daegu,대구 달성군 소금빵,카프리쵸사 현풍 본점,"대구광역시 달성군 유가읍 테크노상업로 120 1층 121, 122호","대구광역시 달성군 유가읍 봉리 619 1층 121, 122호",,https://www.instagram.com/caprichosa_ccb,"카페,디저트>베이커리",1284635581,356932220,128.4628865,35.6930595,
saltbread,daegu,대구 달성군 소금빵,주리485,대구광역시 달성군 가창면 주리2길 48 주리485카페,대구광역시 달성군 가창면 주리 485-1 주리485카페,,https://www.instagram.com/juri.485,"음식점>카페,디저트",1286232435,357517066,128.6232338,35.7517181,
saltbread,daegu,대구 달성군 소금빵,오퐁드부아,대구광역시 달성군 가창면 주리2길 104,대구광역시 달성군 가창면 주리 520,,https://blog.naver.com/aufonddubois,"음식점>카페,디저트",1286182654,357525347,128.618046,35.7525228,
saltbread,daegu,대구 달성공원 소금빵 베이커리,마지카운티,대구광역시 달성군 옥포읍 용연사길 105 마지카운티,대구광역시 달성군 옥포읍 반송리 364 마지카운티,,https://www.instagram.com/mj_county,"음식점>카페,디저트",1285053456,357542649,128.5053456,35.7542649,
saltbread,daegu,대구 화원 소금빵,바토플루이르 화원송해,대구광역시 달성군 옥포읍 옥포로57길 57-7 1층,대구광역시 달성군 옥포읍 기세리 694 1층,,https://www.instagram.com/bateau.fluir_sh/,"음식점>카페,디저트",1284909700,357696528,128.49097,35.7696529,
saltbread,daegu,대구 대곡 소금빵,베이커리완,대구광역시 달서구 한실로6길 154-7 대곡동821 Bakery Wann,대구광역시 달서구 대곡동 821 821 Bakery Wann,,,"카페,디저트>베이커리",1285290019,357941616,128.5290019,35.7941616,
saltbread,daegu,대구 달서구 소금빵,브로 커피앤베이커리,대구광역시 달서구 수밭서길 11 Bro coffee&bakery,대구광역시 달서구 도원동 972-9 Bro coffee&bakery,,,"음식점>카페,디저트",1285478344,357972111,128.5478344,35.7972111,
saltbread,daegu,대구 설화명곡역 소금빵,솔트,대구광역시 달성군 화원읍 성천로 5 달성군여성문화복지센터 별관 1층,대구광역시 달성군 화원읍 설화리 553-41 달성군여성문화복지센터 별관 1층,,https://blog.naver.com/hpfence0802_,"음식점>카페,디저트",1284887765,357988012,128.4879063,35.7985646,
saltbread,daegu,대구 설화명곡역 소금빵,해피베이커리,대구광역시 달성군 화원읍 성천로 5 지하 1층,대구광역시 달성군 화원읍 설화리 553-41 지하 1층,,http://storefarm.naver.com/happybakery,"카페,디저트>베이커리",1284879063,357985646,128.4879063,35.7985646,
saltbread,daegu,대구 범물 소금빵,하이나우,대구광역시 수성구 진밭길 411-12 하이나우,대구광역시 수성구 범물동 1128 하이나우,,https://www.instagram.com/high_na_woo/,"음식점>카페,디저트",1286726486,357987986,128.6726486,35.7987986,
saltbread,daegu,대구 대곡 소금빵,베이커리 라누,대구광역시 달서구 한실로6길 84-26 베이커리 라누,대구광역시 달서구 대곡동 621 베이커리 라누,,https://smartstore.naver.com/bakerylanu,"카페,디저트>베이커리",1285288569,357998193,128.5288501,35.7998307,
saltbread,daegu,대구 대곡 소금빵,훈이제빵소,대구광역시 달서구 갈밭로 14 1층 101호,대구광역시 달서구 대곡동 1080-1 1층 101호,,http://band.us@hoonybakery,"카페,디저트>베이커리",1285319783,358015218,128.5321216,35.8014083,
saltbread,daegu,대구 화원 소금빵 베이커리,푸른달,대구광역시 달성군 화원읍 성암로1길 58 푸른 달 카페,대구광역시 달성군 화원읍 본리리 108-7 푸른 달 카페,,https://100원커피이벤트-선착순주문하기.com,"음식점>카페,디저트",1285091498,358021918,128.5090864,35.8021989,
saltbread,daegu,대구 대곡 소금빵,행운의시간들,대구광역시 달서구 화암로 325,대구광역시 달서구 대곡동 1038-1,,http://instagram.com/goodfortunetimes,"카페,디저트>베이커리",1285187551,358041959,128.5187814,35.8042356,
saltbread,daegu,대구 설화명곡역 소금빵,스테이블모먼트 화원점,대구광역시 달성군 화원읍 비슬로 2614-9 스테이블 모먼트,대구광역시 달성군 화원읍 천내리 460-5 스테이블 모먼트,,https://www.instagram.com/stable_moment03,"음식점>카페,디저트",1285028627,358044842,128.5028627,35.8044842,
saltbread,daegu,대구 달성공원 소금빵,쉼과행복디저트카페,대구광역시 달성군 화원읍 성천로24길 12 1층 쉼과행복디저트카페,대구광역시 달성군 화원읍 천내리 103-1 1층 쉼과행복디저트카페,,https://www.instagram.com/,"음식점>카페,디저트",1284948299,358052954,128.4947437,35.8052769,
saltbread,daegu,대구 달서구 소금빵,우즈베이커리 대곡점,대구광역시 달서구 갈밭로 76 1.2층,대구광역시 달서구 대곡동 1056-1 1.2층,,http://www.wooz.kr/,"음식점>카페,디저트>베이커리",1285285011,358055987,128.5284701,35.8055942,
saltbread,daegu,대구 설화명곡역 소금빵,하토,대구광역시 달성군 화원읍 화원로7길 13 1층,대구광역시 달성군 화원읍 천내리 125-3 1층,,https://www.instagram.com/hato.cafe,"음식점>카페,디저트",1284983650,358068937,128.498365,35.8068937,
saltbread,daegu,대구 진천 소금빵,보밀당,대구광역시 달서구 상화로7길 38 1층,대구광역시 달서구 진천동 715-1 1층,,https://youtube.com/https://youtube.com/@bomilldangvlog,"카페,디저트>베이커리",1285201602,358090965,128.5201505,35.8090268,
saltbread,daegu,대구 진천 소금빵,폭스브롯,대구광역시 달서구 상화로 157-1,대구광역시 달서구 진천동 833-26,,http://instagram.com/volksbrot,"카페,디저트>베이커리",1285310888,358100545,128.5310839,35.8100504,
saltbread,daegu,대구 대곡역 소금빵,호미브레드,대구광역시 달서구 비슬로 2731 횡단보도 앞,대구광역시 달서구 유천동 396 횡단보도 앞,,,"카페,디저트>베이커리",1285139914,358102978,128.5133012,35.8105827,
saltbread,daegu,대구 화원 소금빵,그라운드커피 대구점,대구광역시 달성군 화원읍 비슬로543길 27 그라운드 커피,대구광역시 달성군 화원읍 구라리 1717 그라운드 커피,,https://www.instagram.com/groundcoffee_daegu/,"음식점>카페,디저트",1285111392,358111502,128.5110912,35.8110406,
saltbread,daegu,대구 화원 소금빵,카페선샤인 달서구디저트답례품,대구광역시 달서구 진천로9길 78-1 제1동 1층,대구광역시 달서구 진천동 682-25 제1동 1층,,https://s.baemin.com/boq.6yi3u,"음식점>카페,디저트",1285205738,358120952,128.5205739,35.8120952,
saltbread,daegu,대구 상인 소금빵,오월의아침,대구광역시 달서구 상인서로 8-5 1층,대구광역시 달서구 상인동 1554-2 1층,,https://blog.naver.com/maymorning_,"카페,디저트>베이커리",1285471772,358122246,128.5471101,35.81225,
saltbread,daegu,대구 월배 소금빵,피카커피 진천점,대구광역시 달서구 진천로 38 제1동 1층 피카커피 진천점,대구광역시 달서구 진천동 490-37 제1동 1층 피카커피 진천점,,https://www.instagram.com/fikacoffee_jc,"음식점>카페,디저트",1285254962,358123671,128.5254955,35.8123626,
saltbread,daegu,대구 진천역 소금빵,카페무늬,대구광역시 달서구 월배로 80 401동 107호,대구광역시 달서구 진천동 508 401동 107호,,https://100원커피이벤트-선착순주문하기.com,"음식점>카페,디저트",1285238987,358133492,128.5238987,35.8133492,
saltbread,daegu,대구 월배 소금빵 카페,한나식빵 월배점,대구광역시 달서구 월배로 51 진천역AK그랑폴리스2차상가 1층,대구광역시 달서구 유천동 595 진천역AK그랑폴리스2차상가 1층,,http://hannafnb.com,"음식점>카페,디저트>베이커리",1285202162,358135795,128.5199767,35.8139027,
saltbread,daegu,대구 상인역 소금빵 베이커리,우노커피,대구광역시 달서구 월배로40길 120,대구광역시 달서구 상인동 1419,,https://www.instagram.com/uno_coffee_2024,"음식점>카페,디저트",1285392812,358140400,128.5392812,35.81404,
saltbread,daegu,대구 월배 소금빵,온더온,대구광역시 달서구 월배로15길 8 1층 카페 온더온,대구광역시 달서구 진천동 595-28 1층 카페 온더온,,https://www.instagram.com/_ontheon,"음식점>카페,디저트",1285228406,358143184,128.5228726,35.8143559,
saltbread,daegu,대구 진천역 소금빵,포라운드커피&베이커리,대구광역시 달서구 월배로 120 서호메디컬타워 1층 106호 포라운드커피&베이커리,대구광역시 달서구 진천동 244-5 서호메디컬타워 1층 106호 포라운드커피&베이커리,,https://100원커피이벤트-선착순주문하기.com,"음식점>카페,디저트",1285275034,358146428,128.5274069,35.8145194,
saltbread,daegu,대구 월배 소금빵 베이커리,씨티씨커피 진천점,"대구광역시 달서구 진천로 75-7 1층 101, 102호","대구광역시 달서구 진천동 595-54 1층 101, 102호",,https://forms.gle/rmTXqBLwcVEfChwz5,"음식점>카페,디저트",1285225589,358148385,128.5227347,35.8148582,
saltbread,daegu,대구 상인역 소금빵 카페,카페어뉴,대구광역시 달서구 월배로40길 76,대구광역시 달서구 상인동 276-9,,https://smartstore.naver.com/cafe-anew,"음식점>카페,디저트",1285376082,358154575,128.5375689,35.8154545,
saltbread,daegu,대구 범물 소금빵,빠네비앙PaneBien,대구광역시 수성구 지범로46길 18 빠네비앙 Pane Bien,대구광역시 수성구 범물동 1380-10 빠네비앙 Pane Bien,,https://www.instagram.com/PaneBien,"카페,디저트>베이커리",1286435301,358163367,128.6435301,35.8163367,
saltbread,daegu,대구 범물 소금빵,플라네,"대구광역시 수성구 진밭길 54 플라네 Flaner 카페 1층, 2층","대구광역시 수성구 범물동 930-4 플라네 Flaner 카페 1층, 2층",,,"음식점>카페,디저트",1286544191,358164041,128.6544191,35.8164041,
saltbread,daegu,대구 소금빵,라부아뜨엘,대구광역시 수성구 지범로 248-6 1층,대구광역시 수성구 범물동 1374-14 1층,,http://pf.kakao.com/_xoxjmyG,"음식점>카페,디저트",1286442412,358175084,128.6442376,35.8175122,
saltbread,daegu,대구 성서산업단지역 소금빵,아눅 월성,대구광역시 달서구 조암남로32길 16 1층,대구광역시 달서구 대천동 945 1층,,https://smartstore.naver.com/a-nook,"카페,디저트>베이커리",1285167741,358178015,128.5172691,35.8183059,
saltbread,daegu,대구 달서구 소금빵,스테이블모먼트 월배점,대구광역시 달서구 조암남로32길 24 스테이블모먼트,대구광역시 달서구 대천동 936 스테이블모먼트,,http://instagram.com/stable_moment02,"음식점>카페,디저트",1285163669,358190620,128.5162767,35.8187953,
saltbread,daegu,대구 범물 소금빵,피쉬마운트커피 범물점,대구광역시 수성구 지범로40길 6 상가동 111호,대구광역시 수성구 범물동 1332 상가동 111호,,,"음식점>카페,디저트",1286402213,358199267,128.6404433,35.8189515,
saltbread,daegu,대구 상인 소금빵,우리쌀현미빵,대구광역시 달서구 월서로 24,대구광역시 달서구 상인동 128-3,,,"카페,디저트>베이커리",1285320899,358206406,128.5321058,35.8206817,
saltbread,daegu,대구 상인 소금빵,구스또미오,대구광역시 달서구 송현로7길 15,대구광역시 달서구 상인동 860-2,,,"카페,디저트>베이커리",1285468174,358208627,128.5469416,35.8209129,
saltbread,daegu,대구 지산 소금빵,아띠랑스,대구광역시 수성구 용학로 184 1층,대구광역시 수성구 지산동 1188-5 1층,,,"카페,디저트>베이커리",1286286548,358222678,128.628746,35.822207,
saltbread,daegu,대구 송현 소금빵,118베이크샵,대구광역시 달서구 월배로68길 118 1층,대구광역시 달서구 송현동 1958-24 1층,,https://smartstore.naver.com/118bake,"카페,디저트>베이커리",1285524577,358223522,128.5524577,35.8223522,
saltbread,daegu,대구 지산 소금빵,빅웨이브 수성못점,대구광역시 수성구 용학로 172 1층,대구광역시 수성구 지산동 1188 1층,,https://100원커피이벤트-선착순주문하기.com,"음식점>카페,디저트",1286277222,358224752,128.6277223,35.8224753,
saltbread,daegu,대구 달서구 소금빵,빠다롤 더 테라스,대구광역시 달서구 조암남로14길 42,대구광역시 달서구 월성동 1180,,,"카페,디저트>베이커리",1285255565,358227284,128.5255382,35.8227121,
saltbread,daegu,대구 상인역 소금빵,컵넛 월성점,"대구광역시 달서구 상원로 179-9 1층, 2층","대구광역시 달서구 월성동 1252 1층, 2층",,https://100원커피이벤트-선착순주문하기.com,"음식점>카페,디저트",1285262658,358229071,128.5262815,35.8229089,
saltbread,daegu,대구 달서구 소금빵,카페 엠엔티 신월성 본점,대구광역시 달서구 조암남로14길 52-2 cafe mnt,대구광역시 달서구 월성동 1187-2 cafe mnt,,http://instagram.com/cafe.mnt,"음식점>카페,디저트",1285259474,358231624,128.5259861,35.8230393,
saltbread,daegu,대구 성서산업단지역 소금빵,꼬모맨션,대구광역시 달서구 조암로 71 1-2층 꼬모맨션,대구광역시 달서구 월성동 1426 1-2층 꼬모맨션,,https://smartstore.naver.com/comomansion,"음식점>카페,디저트",1285225969,358232237,128.5225474,35.8231804,
saltbread,daegu,대구 범물역 소금빵,라봉봉제과점,대구광역시 수성구 지범로21길 10,대구광역시 수성구 지산동 1279-11,,,"카페,디저트>베이커리",1286366889,358244416,128.6367057,35.8244478,
saltbread,daegu,대구 송현 소금빵,어드밀디저트샵,대구광역시 달서구 월배로68길 29,대구광역시 달서구 송현동 798-194,,https://center-pf.kakao.com/_BxexcfG,"음식점>카페,디저트",1285486426,358247637,128.5486426,35.8247637,
saltbread,daegu,대구 수성못 소금빵,롤링핀 대구수성못점,대구광역시 수성구 용학로 115 롤링핀,대구광역시 수성구 두산동 690 롤링핀,,https://www.instagram.com/rollingpin_suseonglake,"카페,디저트>베이커리",1286229670,358249331,128.622579,35.8251013,
saltbread,daegu,대구 수성구 소금빵,삼송빵집 본점,대구광역시 수성구 수성못2길 26 삼송 1957,대구광역시 수성구 두산동 695 삼송 1957,,https://www.ssbnc.kr/pg/bbs/board.php?bo_table=store2,"카페,디저트>베이커리",1286240091,358251678,128.6245063,35.8253427,
saltbread,daegu,대구 상인 소금빵,버터베이크 신월성점,대구광역시 달서구 조암로 24 버터베이크,대구광역시 달서구 월성동 1822 버터베이크,,https://www.instagram.com/butterbake_daegu/profilecard/?igsh=MTFzdWZuem10ZmhoNA==,"카페,디저트>베이커리",1285269278,358255337,128.5270376,35.8255265,
saltbread,daegu,대구 상인역 소금빵,마블스퀘어 월성,대구광역시 달서구 조암로 1 미래타워 1층 105호,대구광역시 달서구 월성동 1859 미래타워 1층 105호,,https://www.instagram.com/marvelsquare_ws,"카페,디저트>베이커리",1285296391,358257234,128.5296391,35.8257235,
saltbread,daegu,대구 수성못 소금빵,브리튼헨지 수성못본점,대구광역시 수성구 수성못길 14,대구광역시 수성구 두산동 656-1,,https://www.instagram.com/britain_henge,"카페,디저트>베이커리",1286221391,358263202,128.6221519,35.8262766,
saltbread,daegu,대구 수성구 소금빵,포켓,대구광역시 수성구 수성못길 20 카페 포켓,대구광역시 수성구 두산동 653-8 카페 포켓,,https://www.instagram.com/cafe__pocket_,"카페,디저트>베이커리",1286222228,358265899,128.6222314,35.8265864,
saltbread,daegu,대구 사월역 소금빵 맛집,이인상베이커리카페,경상북도 경산시 삼성현로 10-4,경상북도 경산시 옥산동 677-5,,,"카페,디저트>베이커리",1287100379,358276592,128.7100273,35.8276457,
saltbread,daegu,대구 수성못 소금빵 베이커리,사이커피 수성못,대구광역시 수성구 무학로 123 (두산동) 사이커피,대구광역시 수성구 두산동 205-6 사이커피,,https://www.instagram.com/sa.e_coffee?igshid=MzRlODBiNWFlZA==,"음식점>카페,디저트",1286220676,358303360,128.6220572,35.8303645,
saltbread,daegu,대구 남구 소금빵,카펠라,대구광역시 남구 앞산순환로 449,대구광역시 남구 대명동 548-1,,https://www.instagram.com/coffee_capella?igsh=MXNhM2l0OXZpdXh0eQ==,"음식점>카페,디저트",1285740189,358315701,128.5740189,35.8315701,
saltbread,daegu,대구 송현역 소금빵,카페티엠포,대구광역시 달서구 월성로 20 1층 111호,대구광역시 달서구 월성동 275-2 1층 111호,,https://events.passorder.co.kr/100won-event-new,"음식점>카페,디저트",1285331507,358315758,128.5331508,35.8315758,
saltbread,daegu,대구 임당역 소금빵,에맨디,경상북도 경산시 남매공원로2길 26 1층,경상북도 경산시 계양동 823 1층,,,"음식점>카페,디저트",1287442535,358315768,128.7442234,35.8316089,
saltbread,daegu,대구 송현 소금빵,토구리 제과점,대구광역시 달서구 월배로83길 95 102호,대구광역시 달서구 송현동 541 102호,,https://smartstore.naver.com/toguri_bakery,"음식점>카페,디저트",1285467936,358318876,128.546794,35.8319017,
saltbread,daegu,대구 임당역 소금빵,시오다과,경상북도 경산시 남매공원로2길 38 1층,경상북도 경산시 계양동 781 1층,,https://www.instagram.com/sio_bakery,"음식점>카페,디저트",1287441809,358324988,128.7441809,35.8324988,
saltbread,daegu,대구 정평역 소금빵,카페잇슈 크림도너츠 카페,경상북도 경산시 대학로12길 15,경상북도 경산시 정평동 230-6,,,"음식점>카페,디저트",1287294040,358325156,128.729404,35.8325156,
saltbread,daegu,대구 신매 소금빵,스스슥,대구광역시 수성구 신매로 34-1 1층(신매동),대구광역시 수성구 신매동 593-1 1층(),,https://www.instagram.com/sssg_bakery,"카페,디저트>베이커리",1287075190,358324951,128.7075781,35.8325207,
saltbread,daegu,대구 신매 소금빵,온기제빵소,대구광역시 수성구 신매로4길 5 1층,대구광역시 수성구 신매동 588-9 1층,,,"카페,디저트>베이커리",1287082198,358327041,128.7082622,35.8327198,
saltbread,daegu,대구 신매 소금빵 카페,병아리 소풍,대구광역시 수성구 신매로 38-1,대구광역시 수성구 신매동 587-7,,https://blog.naver.com/juicy0070,"카페,디저트>베이커리",1287076980,358329708,128.7077313,35.8329666,
saltbread,daegu,대구 임당역 소금빵,디디얌,경상북도 경산시 남매공원로1길 16 (계양동)DIDIYAM,경상북도 경산시 계양동 730 DIDIYAM,,https://smartstore.naver.com/didiyam/,"카페,디저트>베이커리",1287428500,358332606,128.74285,35.8332607,
saltbread,daegu,대구 정평역 소금빵,정평당,경상북도 경산시 대학로8길 11 정평당,경상북도 경산시 정평동 201-1 정평당,,https://www.instagram.com/bakery_jeongpyeong_d,"음식점>카페,디저트",1287268269,358333652,128.7268269,35.8333653,
saltbread,daegu,대구 임당역 소금빵,COZY COFFEE STAND,경상북도 경산시 남매로 253 라동 103호,경상북도 경산시 중방동 96-1 라동 103호,,http://www.instagram.com/cozycoffeestand,"음식점>카페,디저트",1287408711,358333857,128.7408343,35.8333733,
saltbread,daegu,대구 사월역 소금빵,메종오브 베이커리,대구광역시 수성구 달구벌대로650길 57 1층 메종오브 베이커리,대구광역시 수성구 욱수동 263-3 1층 메종오브 베이커리,,http://www.instagram.com/maison_aube_bakery,"카페,디저트>베이커리",1287090987,358334643,128.7091875,35.8334946,
saltbread,daegu,대구 대명역 소금빵,천냥빵떡대장 관문시장점,대구광역시 달서구 월배로 452 1층,대구광역시 달서구 송현동 195-2 1층,,https://blog.naver.com/bbangtteok_official,"카페,디저트>베이커리",1285547306,358336225,128.5547892,35.8336128,
saltbread,daegu,대구 앞산공원 소금빵,카페 오브도레 드 펌킨스 앞산,"대구광역시 남구 현충로5길 6 1층, 2층","대구광역시 남구 대명동 515-7 1층, 2층",,https://www.instagram.com/aubedore,"음식점>카페,디저트",1285791170,358341806,128.579117,35.8341807,
saltbread,daegu,대구 신매 소금빵,오하브카페,"대구광역시 수성구 욱수천로 70 3층, 4층","대구광역시 수성구 신매동 88-6 3층, 4층",,https://www.instagram.com/ohav_official/,"음식점>카페,디저트",1287116085,358345670,128.7115917,35.8345265,
saltbread,daegu,대구 남구 소금빵,플란트 앞산,대구광역시 남구 현충로7길 13-1 플란트,대구광역시 남구 대명동 512-2 플란트,,https://www.instagram.com/plant__coffee,"음식점>카페,디저트",1285788844,358347243,128.5788845,35.8347243,
saltbread,daegu,대구 앞산공원 소금빵,브리에브레드,대구광역시 남구 현충로7길 7 브리에브레드,대구광역시 남구 대명동 513-3 브리에브레드,,https://www.instagram.com/brierbread,"카페,디저트>베이커리",1285790484,358347247,128.5790484,35.8347248,
saltbread,daegu,대구 대명역 소금빵,카페리움,대구광역시 남구 대명남로 78-1 1층,대구광역시 남구 대명동 598-2 1층,,https://www.instagram.com/cafe_rium,"음식점>카페,디저트",1285666155,358347539,128.5666155,35.834754,
saltbread,daegu,대구 황금 소금빵 베이커리,빵장수단팥빵 두산직영점,대구광역시 수성구 상화로 140 1층,대구광역시 수성구 두산동 124-5 1층,,,"카페,디저트>베이커리",1286223146,358352961,128.6222981,35.8352789,
saltbread,daegu,대구 대명역 소금빵,즐겁다커피,대구광역시 남구 골안길 72 1층,대구광역시 남구 대명동 1245-3 1층,,https://www.instagram.com/jeulgoptta.coffee,"음식점>카페,디저트",1285625659,358353712,128.5625659,35.8353712,
saltbread,daegu,대구 지산 소금빵,비터버터베터,대구광역시 수성구 동대구로12길 45 1층,대구광역시 수성구 지산동 993-13 1층,,https://www.instagram.com/bbb_tter,"음식점>카페,디저트",1286266305,358354243,128.6266009,35.8354492,
saltbread,daegu,대구 정평역 소금빵,로위스,경상북도 경산시 대학로9길 11 중산상가 1층 105호 로위스,경상북도 경산시 정평동 158-11 중산상가 1층 105호 로위스,,http://pf.kakao.com/_zWmxdn/chat,"음식점>카페,디저트",1287275311,358354517,128.7275017,35.8354631,
saltbread,daegu,대구 정평역 소금빵,베이커리 정남향,경상북도 경산시 대학로 59-18 1층,경상북도 경산시 정평동 130-17 1층,,https://naver.me/59UgiGIi,"카페,디저트>베이커리",1287293879,358358287,128.7294126,35.8357694,
saltbread,daegu,대구 지산 소금빵 베이커리,두둥당,대구광역시 수성구 청수로36길 68 1층,대구광역시 수성구 지산동 991-15 1층,,,"카페,디저트>베이커리",1286268137,358361688,128.6268164,35.8361943,
saltbread,daegu,대구 지산 소금빵,랩에쏘 로스터리,대구광역시 수성구 청수로36길 70-24,대구광역시 수성구 지산동 990-3,,http://www.labesso.com,"음식점>카페,디저트",1286255923,358362739,128.6255889,35.8362585,
saltbread,daegu,대구 사월역 소금빵,카페 아이올리,대구광역시 수성구 달구벌대로652길 16 1층,대구광역시 수성구 신매동 149-4 1층,,https://www.instagram.com/cafe.aioli,"음식점>카페,디저트",1287111571,358363769,128.7112885,35.8366471,
saltbread,daegu,대구 대명역 소금빵,빵장수 달서본점,대구광역시 달서구 구마로 240 1층,대구광역시 달서구 송현동 1037-1 1층,,,"카페,디저트>베이커리",1285541175,358367733,128.5541175,35.8367733,
saltbread,daegu,대구 신매 소금빵,켑트 베이커스,대구광역시 수성구 달구벌대로650길 15 1층 kept,대구광역시 수성구 신매동 144 1층 kept,,,"카페,디저트>베이커리",1287106648,358368831,128.7105703,35.8368325,
saltbread,daegu,대구 안지랑 소금빵 베이커리,올디어,대구광역시 남구 대명로30길 40 1층,대구광역시 남구 대명동 927-2 1층,,https://www.instagram.com/__oldear,"음식점>카페,디저트",1285738926,358372420,128.5738927,35.837242,
saltbread,daegu,대구 남구 소금빵,마들렌베이커리 앞산점,대구광역시 남구 현충로 54 마들렌베이커리 앞산점,대구광역시 남구 대명동 450-1 마들렌베이커리 앞산점,,https://blog.naver.com/madeleinebakery,"카페,디저트>베이커리",1285801231,358376469,128.5801231,35.837647,
saltbread,daegu,대구 사월 소금빵,르플렌,대구광역시 수성구 달구벌대로669길 40 르플렌,대구광역시 수성구 사월동 550-3 르플렌,,https://100원커피이벤트-선착순주문하기.com,"카페,디저트>베이커리",1287211756,358377386,128.7211617,35.8376816,
saltbread,daegu,대구 고산역 소금빵 베이커리,아워스 카페,대구광역시 수성구 알파시티1로42길 26 101호,대구광역시 수성구 대흥동 831-2 101호,,https://www.instagram.com/_cafe.hours?igsh=a2xpano5Y2QzaGRy&utm_source=qr,"음식점>카페,디저트",1286828113,358378068,128.6828768,35.8378445,
saltbread,daegu,대구 영남대역 소금빵,샐러디아 경산점,경상북도 경산시 대학로 315 2동 1층,경상북도 경산시 조영동 283-1 2동 1층,,https://100원커피이벤트-선착순주문하기.com,"음식점>도시락,컵밥>다이어트,샐러드",1287556143,358385680,128.7556143,35.838568,
saltbread,daegu,대구 안지랑 소금빵 베이커리,카페 아그데아그데,대구광역시 남구 대명로36길 10-15 농협 주차장 옆 골목 아그데아그데,대구광역시 남구 대명동 902-23 농협 주차장 옆 골목 아그데아그데,,https://www.instagram.com/cafe_agdeagde,"음식점>카페,디저트",1285755163,358386854,128.5754358,35.8386377,
saltbread,daegu,대구 영남대역 소금빵,그리다빵 영남대본점,경상북도 경산시 청운1로 26 그리다빵영남대본점,경상북도 경산시 조영동 583-1 그리다빵영남대본점,,http://www.instagram.com/gridabread,"카페,디저트>베이커리",1287533170,358387182,128.7533087,35.838657,
saltbread,daegu,대구 황금역 소금빵,클렁키,대구광역시 수성구 동대구로 95 1층상가 108동 6112호 클렁키(GS편의점 맞은편),대구광역시 수성구 두산동 113 1층상가 108동 6112호 클렁키(GS편의점 맞은편),,https://www.instagram.com/clunkybakery,"카페,디저트>베이커리",1286234823,358393197,128.6230706,35.8387222,
saltbread,daegu,대구 고산 소금빵,시지본,대구광역시 수성구 노변로 79,대구광역시 수성구 노변동 120-2,,,"음식점>카페,디저트",1286999176,358388270,128.6997476,35.8388079,
saltbread,daegu,대구 안지랑 소금빵 베이커리,앞산빵래터,대구광역시 남구 대명로 168 1층,대구광역시 남구 대명동 901-5 1층,,,"카페,디저트>베이커리",1285761068,358388364,128.5761068,35.8388364,
saltbread,daegu,대구 황금 소금빵,핑퐁커피 본점,대구광역시 수성구 청호로 242 1층,대구광역시 수성구 황금동 249-6 1층,,http://www.pingpongcoffee.co.kr,"음식점>카페,디저트",1286400996,358389803,128.6401132,35.8389827,
saltbread,daegu,대구 수성알파시티 소금빵,오브스윗,대구광역시 수성구 알파시티2로9길 12 1층,대구광역시 수성구 시지동 589 1층,,https://www.instagram.com/of.sweet_,"음식점>카페,디저트",1286935298,358392390,128.6935299,35.839239,
saltbread,daegu,대구 고산 소금빵,메종루이 베이커리,대구광역시 수성구 알파시티2로 35,대구광역시 수성구 시지동 587-1,,,"카페,디저트>베이커리",1286929247,358395441,128.6929678,35.8395516,
saltbread,daegu,대구 사월역 소금빵,마고포레스트&마고플레인,경상북도 경산시 경안로73길 20 마고포레스트,경상북도 경산시 대평동 94-10 마고포레스트,,https://www.instagram.com/margaux__plain/,"음식점>카페,디저트",1287307352,358400032,128.7307047,35.840041,
saltbread,daegu,대구 고산역 소금빵,플라림비,대구광역시 수성구 노변로 101-1 1층,대구광역시 수성구 노변동 15-4 1층,,https://www.instagram.com/flalim.b/profilecard/?igsh=MThjcmx4OTZ6dHQ4bg==,"음식점>카페,디저트",1287007087,358404628,128.7006949,35.8404645,
saltbread,daegu,대구 고산 소금빵,버터우드 라이온즈파크점,대구광역시 수성구 야구전설로 1 1층 2호 버터우드 라이온즈파크점,대구광역시 수성구 연호동 648 1층 2호 버터우드 라이온즈파크점,,https://www.instagram.com/butterwood_daegu,"음식점>카페,디저트",1286822059,358416451,128.6812364,35.841129,
saltbread,daegu,대구 송현역 소금빵,빵장수쉐프 장기점,대구광역시 달서구 대명천로 235 1층 빵장수쉐프 장기점,대구광역시 달서구 본리동 425 1층 빵장수쉐프 장기점,,,"카페,디저트>베이커리",1285345443,358416628,128.5344994,35.8415383,
saltbread,daegu,대구 황금 소금빵,봄팡 베이커리 수성 황금 본점,대구광역시 수성구 청수로 261 상가 105호 봄팡 베이커리 수성 황금 본점,대구광역시 수성구 황금동 368 상가 105호 봄팡 베이커리 수성 황금 본점,,https://www.instagram.com/bom__pang,"카페,디저트>베이커리",1286364379,358419923,128.6376893,35.8420696,
saltbread,daegu,대구 강창역 소금빵,다이브인커피 브런치&디너,대구광역시 달성군 다사읍 강정본길 81 다이브인커피,대구광역시 달성군 다사읍 죽곡리 768-3 다이브인커피,,https://www.instagram.com/dive__in__coffee/,"음식점>카페,디저트",1284627710,358424159,128.462771,35.8424159,
saltbread,daegu,대구 고산 소금빵,아로케 대구시지점,대구광역시 수성구 달구벌대로 3058 1층,대구광역시 수성구 시지동 246-5 1층,,https://www.instagram.com/aroke_daegu?igsh=bDM2dGpxZnB0ZGo4&utm_source=qr,"음식점>카페,디저트",1286916109,358425538,128.6916109,35.8425538,
saltbread,daegu,대구 강창역 소금빵,박기태명장의 장수당,대구광역시 달서구 성서공단로11길 87,대구광역시 달서구 호산동 708-6,,,"카페,디저트>베이커리",1284877104,358429683,128.4877104,35.8429683,
saltbread,daegu,대구 서부정류장 소금빵,데일리 본리점,대구광역시 달서구 장기로 167,대구광역시 달서구 본리동 76-2,,,"카페,디저트>베이커리",1285416860,358428820,128.5418998,35.8430518,
saltbread,daegu,대구 영대병원역 소금빵,1972포포징,대구광역시 남구 중앙대로 112-2,대구광역시 남구 봉덕동 1302-18,,https://www.instagram.com/1972forpausing,"음식점>카페,디저트",1285907578,358431193,128.5907644,35.8431099,
saltbread,daegu,대구 서부정류장 소금빵,밥스딜라잇 달서구 본점,"대구광역시 달서구 장기로 231 1층, 2층, 3층","대구광역시 달서구 장기동 539-10 1층, 2층, 3층",,https://smartstore.naver.com/bobscoffee/products/10438429022,"카페,디저트>베이커리",1285348803,358433251,128.5349151,35.8433017,
saltbread,daegu,대구 영대병원역 소금빵,브레드앤모어,대구광역시 남구 봉덕남로 32 1층,대구광역시 남구 봉덕동 607-8 1층,,https://www.instagram.com/bread_and_more2025?igsh=c3BmcnF3aHA3NzQ4,"카페,디저트>베이커리",1285937240,358437200,128.593724,35.84372,
saltbread,daegu,대구 고산 소금빵,페이스포포,대구광역시 수성구 고모로 15-1,대구광역시 수성구 시지동 196-15,,https://www.instagram.com/pacepopo.daegu/,"음식점>카페,디저트",1286879989,358436280,128.6879392,35.8438493,
saltbread,daegu,대구 남구 소금빵,구민회의 좋은아침,대구광역시 남구 대명로57길 7,대구광역시 남구 대명동 174-1,,https://instagram.com/gmh_good_morning,"카페,디저트>베이커리",1285868174,358441214,128.5867739,35.8441201,
saltbread,daegu,대구 소금빵,마고플레인 강정보점,대구광역시 달성군 다사읍 강정본길 68-18 마고플레인 강정보점,대구광역시 달성군 다사읍 죽곡리 688-2 마고플레인 강정보점,,https://www.instagram.com/margauxplain_river/,"음식점>카페,디저트",1284650808,358441915,128.4651274,35.8441691,
saltbread,daegu,대구 황금 소금빵,사피디뜨 by커피맛을조금아는남자,대구광역시 수성구 청호로 301,대구광역시 수성구 황금동 75,,http://www.커피맛을조금아는남자.com,"카페,디저트>베이커리",1286386364,358445393,128.6385997,35.8443716,
saltbread,daegu,대구 감삼 소금빵,하이우,대구광역시 달서구 와룡로28길 83 1층 하이우,대구광역시 달서구 감삼동 296-10 1층 하이우,,https://www.instagram.com/hiwu_happinessiswithu,"음식점>카페,디저트",1285419905,358448410,128.5419905,35.844841,
saltbread,daegu,대구 대명역 소금빵,스트로우베이지,대구광역시 남구 두류공원로17길 89 1층,대구광역시 남구 대명동 3052-2 1층,,https://www.instagram.com/strawbeige_bakery,"카페,디저트>베이커리",1285663543,358463127,128.5663543,35.8463127,
saltbread,daegu,대구 감삼 소금빵,사운즈커피 죽전점,대구광역시 달서구 와룡로31길 26 301동 1층 3~4호,대구광역시 달서구 감삼동 709 301동 1층 3~4호,,,"음식점>카페,디저트",1285341541,358467379,128.5339216,35.8468062,
saltbread,daegu,대구 감삼 소금빵 베이커리,계절상점,대구광역시 달서구 당산로 109-1,대구광역시 달서구 감삼동 207-9,,https://www.instagram.com/seasonbakeshop,"카페,디저트>베이커리",1285450429,358472516,128.5450429,35.8472516,
saltbread,daegu,대구 감삼 소금빵 베이커리,카프리쵸사 죽전 직영점,"대구광역시 달서구 와룡로33길 20 1층 101, 102호","대구광역시 달서구 감삼동 714 1층 101, 102호",,https://smartstore.naver.com/ccb_/category/ALL?cp=1,"카페,디저트>베이커리",1285351930,358477620,128.5348089,35.8477383,
saltbread,daegu,대구 영대병원역 소금빵,아이워즈그린 봉덕점,대구광역시 남구 봉덕로9길 72 1층,대구광역시 남구 봉덕동 499-24 1층,,https://www.instagram.com/i.was_green,"음식점>카페,디저트",1285968246,358478795,128.5968346,35.8479207,
saltbread,daegu,대구 감삼 소금빵,푸푸커피 대구 본점,대구광역시 달서구 와룡로 169 판매시설동 108동 101호,대구광역시 달서구 감삼동 461 판매시설동 108동 101호,,https://web.coupangeats.com/share?storeId=935072&dishId&key=2f6666a4-0a58-43fe-985b-7d9c5dc9edee,"음식점>카페,디저트",1285363484,358490388,128.5359406,35.8481004,
saltbread,daegu,대구 교대역 소금빵,명덕빵앗간 영대병원점,대구광역시 남구 현충로 170 본관 A동 2층,대구광역시 남구 대명동 317-1 본관 A동 2층,,,"음식점>카페,디저트>베이커리",1285849104,358473811,128.5819932,35.8482251,
saltbread,daegu,대구 황금 소금빵,휴네스트커피,대구광역시 수성구 청솔로 23 1층,대구광역시 수성구 황금동 729-11 1층,,https://www.instagram.com/huenest_coffee,"음식점>카페,디저트",1286203519,358486908,128.6203061,35.8487195,
saltbread,daegu,대구 감삼 소금빵,홀리앤졸리 도넛&커피 대구죽전점,대구광역시 달서구 달구벌대로 1530 삼정브리티시 용산 상가 301동 102호,대구광역시 달서구 감삼동 702 삼정브리티시 용산 상가 301동 102호,,,"음식점>카페,디저트",1285339564,358495002,128.5337589,35.8492551,
saltbread,daegu,대구 감삼 소금빵 베이커리,리노크,대구광역시 달서구 감삼남길 144,대구광역시 달서구 감삼동 195-23,,https://open.kakao.com/o/sAPMqJHh,"카페,디저트>베이커리",1285447200,358494946,128.54472,35.8494946,
saltbread,daegu,대구 용산 소금빵,광화문살롱 대구,대구광역시 달서구 달구벌대로 1515 1층,대구광역시 달서구 용산동 997 1층,,https://www.instagram.com/gwanghwamunsalon_daegu?igsh=MW4yNTdoOWkyaGdqcA%3D%3D&utm_source=qr,"음식점>카페,디저트",1285334586,358503013,128.5331337,35.8503676,
saltbread,daegu,대구 죽전역 소금빵,와드커피 대구죽전역점,대구광역시 달서구 달구벌대로 1551 1층 117호,대구광역시 달서구 죽전동 273-27 1층 117호,,https://wadcoffee.com/,"음식점>카페,디저트",1285364509,358505757,128.5364509,35.8505758,
saltbread,daegu,대구 계명대역 소금빵,거너실제빵소,"대구광역시 달서구 달구벌대로291길 27-6 1,2층","대구광역시 달서구 장기동 45 1,2층",,https://www.instagram.com/geneosil_bakehouse,"음식점>카페,디저트",1285245249,358505826,128.5245249,35.8505826,
saltbread,daegu,대구 교대 소금빵,딥딥딥 교대,대구광역시 남구 명덕로40길 128 1층,대구광역시 남구 대명동 1797-1 1층,,https://www.instagram.com/deep__deep__deep,"음식점>카페,디저트",1285897778,358510484,128.5897778,35.8510484,
saltbread,daegu,대구 교대 소금빵,동아제빵소,대구광역시 남구 중앙대로31길 181 101호,대구광역시 남구 대명동 1912-3 101호,,https://www.instagram.com/dong_a_bakery_shop,"카페,디저트>베이커리",1285840912,358520689,128.5840912,35.8520689,
saltbread,daegu,대구 교대 소금빵,우리의사계절,대구광역시 남구 현충로48길 7 1층,대구광역시 남구 대명동 1897-8 1층,,https://www.instagram.com/woori_seasons,"음식점>카페,디저트",1285838855,358528176,128.5838855,35.8528176,
saltbread,daegu,대구 수성시장 소금빵,러셀커피,대구광역시 수성구 명덕로 494-11 1층 러셀커피.,대구광역시 수성구 범어동 774-28 1층 러셀커피.,,,"음식점>카페,디저트",1286242497,358528684,128.6242998,35.8528217,
saltbread,daegu,대구 감삼 소금빵,이혜과자점,대구광역시 달서구 달구벌대로332길 21 1층,대구광역시 달서구 감삼동 108-1 1층,,http://pf.kakao.com/_MxaibG,"카페,디저트>베이커리",1285478104,358529563,128.5478672,35.8529517,
saltbread,daegu,대구 두류 소금빵,프랑제리 뺑드프랑스 이월드점,대구광역시 달서구 두류공원로 200 푸드폴리탄 프랑제리 뺑드프랑스 이월드점,대구광역시 달서구 두류동 산302-11 푸드폴리탄 프랑제리 뺑드프랑스 이월드점,,https://www.instagram.com/eworld_bbangzip,"카페,디저트>베이커리",1285645903,358540874,128.5657599,35.8530292,
saltbread,daegu,대구 이곡 소금빵,카페 무디,대구광역시 달서구 이곡동로 32 상가동1층 카페무디 (성서이마트 주차장 입구),대구광역시 달서구 이곡동 1256 상가동1층 카페무디 (성서이마트 주차장 입구),,https://www.instagram.com/cafe_moody_,"음식점>카페,디저트",1285107145,358534871,128.5116131,35.85312,
saltbread,daegu,대구 감삼역 소금빵,터틀턴,대구광역시 달서구 당산로38길 23 1층,대구광역시 달서구 두류동 495-39 1층,,https://www.instagram.com/turtleturn_coffee,"음식점>카페,디저트",1285497600,358536059,128.5497601,35.8536059,
saltbread,daegu,대구 교대 소금빵,명덕빵앗간 명덕본점,대구광역시 남구 명덕로40길 70 1층 명덕빵앗간,대구광역시 남구 대명동 1798-3 1층 명덕빵앗간,,https://www.instagram.com/md_bbang,"음식점>카페,디저트>베이커리",1285897964,358536478,128.5897964,35.8536478,
saltbread,daegu,대구 용산 소금빵,팔오카페,대구광역시 달서구 장산로 55 루이스타 1층 106호,대구광역시 달서구 용산동 612-1 루이스타 1층 106호,,https://www.instagram.com/pal_o_coffee,음식점>양식,1285241665,358536479,128.5241665,35.853648,
saltbread,daegu,대구 강창역 소금빵,베이커리율,대구광역시 달서구 신당로 59 상가1층 율베이커리,대구광역시 달서구 신당동 1846-4 상가1층 율베이커리,,https://www.instagram.com/bakery_yul_053,"카페,디저트>베이커리",1284987039,358537278,128.4987016,35.8537893,
saltbread,daegu,대구 담티 소금빵,피카커피 담티점,"대구광역시 수성구 달구벌대로 2690 상가 101, 102, 103, 104호","대구광역시 수성구 만촌동 861-8 상가 101, 102, 103, 104호",,https://www.instagram.com/_fika_coffee?igsh=Y2VsdHk1cnZkZXBu,"카페,디저트>베이커리",1286550954,358539635,128.6549845,35.8540186,
saltbread,daegu,대구 만촌역 소금빵,씨티씨커피 범어점,대구광역시 수성구 달구벌대로496길 48,대구광역시 수성구 범어동 292-16,,https://forms.gle/rmTXqBLwcVEfChwz5,"음식점>카페,디저트",1286342895,358542625,128.6342895,35.8542625,
saltbread,daegu,대구 이곡 소금빵,한나식빵 성서점,대구광역시 달서구 이곡동로 23 1층,대구광역시 달서구 이곡동 1250-4 1층,,,"음식점>카페,디저트>베이커리",1285098786,358542928,128.5100132,35.854267,
saltbread,daegu,대구 용산 소금빵,미구제과,대구광역시 달서구 와룡로49길 101,대구광역시 달서구 용산동 954-14,,https://smartstore.naver.com/migubake,"음식점>카페,디저트",1285315878,358543088,128.5315878,35.8543088,
saltbread,daegu,대구 대구은행역 소금빵,브레드맨,대구광역시 남구 명덕로68길 17 105동1층3호 (강변타운상가),대구광역시 남구 이천동 214-456 105동1층3호 (강변타운상가),,https://idus.kr/KO6Qi,"카페,디저트>베이커리",1286059822,358543122,128.6061543,35.8543933,
saltbread,daegu,대구 건들바위역 소금빵,카페생명나무,대구광역시 남구 명덕로 288 2동 1층,대구광역시 남구 이천동 310-11 2동 1층,,,"음식점>카페,디저트",1286017122,358551000,128.6014518,35.8548483,
saltbread,daegu,대구 감삼 소금빵 베이커리,음믐빵집,대구광역시 달서구 당산로 205 1층,대구광역시 달서구 감삼동 60-9 1층,,https://www.instagram.com/_umm_m,"카페,디저트>베이커리",1285477658,358549695,128.5477272,35.8549104,
saltbread,daegu,대구 교대 소금빵,미힐,대구광역시 남구 중앙대로49길 49 미힐,대구광역시 남구 대명동 1810-1 미힐,,https://www.instagram.com/cafe.mehl,"카페,디저트>베이커리",1285877500,358553033,128.58775,35.8553033,
saltbread,daegu,대구 안심 소금빵,제로테이블,대구광역시 수성구 수성로68길 35-8 맨왼쪽집,대구광역시 수성구 수성동2가 49-3 맨왼쪽집,,https://www.instagram.com/zero_table_/,"카페,디저트>베이커리",1286158910,358553849,128.6159185,35.85535,
saltbread,daegu,대구 담티역 소금빵,커널스커피,대구광역시 수성구 교학로4길 54 1층,대구광역시 수성구 만촌동 855-22 1층,,https://www.instagram.com/kernelscoffee,"음식점>카페,디저트",1286500858,358554570,128.6500858,35.8554571,
saltbread,daegu,대구 명덕 소금빵,천냥빵떡대장 명덕역점,대구광역시 남구 중앙대로 251-1 1층,대구광역시 남구 대명동 1791-7 1층,,http://breadtteok.kr/,"카페,디저트>베이커리",1285904023,358556929,128.5904024,35.8556929,
saltbread,daegu,대구 두류역 소금빵,버터리버튼,대구광역시 달서구 야외음악당로39동길 47 1층,대구광역시 달서구 두류동 487-14 1층,,https://100원커피이벤트-선착순주문하기.com,"음식점>카페,디저트",1285554723,358559172,128.5554723,35.8559172,
saltbread,daegu,대구 대구은행역 소금빵,브레드바바,대구광역시 수성구 수성로69길 55,대구광역시 수성구 수성동1가 820,,https://blog.naver.com/breadbaba,"카페,디저트>베이커리",1286105181,358559576,128.6104681,35.8559411,
saltbread,daegu,대구 범어 소금빵,아눅 베이커스,대구광역시 수성구 동대구로58길 15 1층 아눅베이커스,대구광역시 수성구 범어동 592-7 1층 아눅베이커스,,https://smartstore.naver.com/a-nook,"카페,디저트>베이커리",1286267502,358562899,128.62673,35.8562893,
saltbread,daegu,대구 용산 소금빵 베이커리,끄래용베이커리,대구광역시 달서구 이곡공원로 83 영남우방2차아파트상가 117동 105호,대구광역시 달서구 용산동 416-1 영남우방2차아파트상가 117동 105호,,https://blog.naver.com/yhk1880,"카페,디저트>베이커리",1285164375,358553736,128.5167679,35.8563787,
saltbread,daegu,대구 내당역 소금빵 베이커리,더바나포레스트,"대구광역시 달서구 두류공원로 256 1층 102, 103, 104, 105호","대구광역시 달서구 두류동 148-7 1층 102, 103, 104, 105호",,https://www.instagram.com/thebanaforest/,"음식점>카페,디저트",1285588495,358563186,128.5589531,35.8564549,
saltbread,daegu,대구 명덕역 소금빵 베이커리,버터파우더,대구광역시 남구 명덕로 178 1층 106호,대구광역시 남구 대명동 1801-1 1층 106호,,,"카페,디저트>베이커리",1285898572,358565994,128.5896543,35.8566008,
saltbread,daegu,대구 건들바위역 소금빵,루밀레,대구광역시 중구 대봉로43길 21 401동 110호,대구광역시 중구 대봉동 770 401동 110호,,,"카페,디저트>베이커리",1286019879,358562928,128.600682,35.8568233,
saltbread,daegu,대구 용산 소금빵,구움도,대구광역시 달서구 와룡로53길 80 1층,대구광역시 달서구 용산동 862-16 1층,,https://www.instagram.com/cafe_guumdo_,"음식점>카페,디저트",1285327747,358569164,128.5327252,35.8569137,
saltbread,daegu,대구 수성구청 소금빵 베이커리,그레이핍플 힐스테이트범어점,대구광역시 수성구 범어로18길 13 102호 그레이핍플 힐스테이트범어점,대구광역시 수성구 범어동 209-27 102호 그레이핍플 힐스테이트범어점,,https://www.instagram.com/graypipple_hillstate.beomeo?igsh=a3Bnd2xwN3cxd2Zo,"음식점>카페,디저트",1286365212,358571862,128.6365495,35.8572219,
saltbread,daegu,대구 담티역 소금빵,올글래드,대구광역시 수성구 달구벌대로492길 43 1층,대구광역시 수성구 범어동 204-7 1층,,https://www.instagram.com/all._.glad,"음식점>카페,디저트",1286350148,358571813,128.6350132,35.8572409,
saltbread,daegu,대구 두류 소금빵,커피퍼스트,대구광역시 달서구 야외음악당로53길 31 1층,대구광역시 달서구 두류동 137-75 1층,,https://www.instagram.com/coffee_____first,"음식점>카페,디저트",1285627017,358575272,128.5627017,35.8575272,
saltbread,daegu,대구 감삼역 소금빵 베이커리,감미정,대구광역시 서구 당산로 237 1층,대구광역시 서구 내당동 429-1 1층,,https://www.naver.com/gammijung,"음식점>카페,디저트",1285469191,358575755,128.5469429,35.857536,
saltbread,daegu,대구 담티역 소금빵,솔트에버,대구광역시 수성구 범어로 94 1층,대구광역시 수성구 범어동 209-14 1층,,https://www.instagram.com/salt_ever,"카페,디저트>베이커리",1286358742,358577004,128.6358916,35.8576692,
saltbread,daegu,대구 담티역 소금빵,마들렌베이커리 만촌네거리점,대구광역시 수성구 달구벌대로 2612 마들렌베이커리,대구광역시 수성구 만촌동 849 마들렌베이커리,,https://blog.naver.com/madeleinebakery,"카페,디저트>베이커리",1286479477,358576947,128.6479256,35.857709,
saltbread,daegu,대구 담티역 소금빵,소금무늬,대구광역시 수성구 달구벌대로504길 12 1층 소금무늬,대구광역시 수성구 범어동 210-21 1층 소금무늬,,,"카페,디저트>베이커리",1286381096,358577153,128.6381096,35.8577153,
saltbread,daegu,대구 대구은행역 소금빵,비바 베이커리,대구광역시 중구 대봉로 215 비바베이커리,대구광역시 중구 대봉동 138-1 비바베이커리,,https://blog.naver.com/vivaba,"음식점>카페,디저트",1286014601,358580017,128.6014176,35.857954,
saltbread,daegu,대구 이곡 소금빵,카페 가온77,"대구광역시 달서구 선원남로 77 211동 가온77빌딩 1,2층","대구광역시 달서구 이곡동 1306-1 211동 가온77빌딩 1,2층",,https://www.instagram.com/cafegaon77,"음식점>카페,디저트",1285099631,358583574,128.5088249,35.857997,
saltbread,daegu,대구 내당 소금빵,디웨이브,"대구광역시 서구 서대구로 3 1,2층","대구광역시 서구 내당동 469-9 1,2층",,,"카페,디저트>카페",1285566544,358583247,128.5564859,35.858236,
saltbread,daegu,대구 수성시장 소금빵,딥딥딥 수성,대구광역시 수성구 수성로77길 15 1층,대구광역시 수성구 수성동1가 113-8 1층,,http://www.instagram.com/deep__deep__deep,"음식점>카페,디저트",1286128067,358583428,128.6128211,35.858292,
saltbread,daegu,대구 만촌역 소금빵,버터베이크 범어점,대구광역시 수성구 달구벌대로 2480 버터베이크,대구광역시 수성구 범어동 197-6 버터베이크,,https://www.instagram.com/butterbake_beomeo?igsh=MXFpOWw3Mmhmb21kZg%3D%3D&utm_source=qr,"카페,디저트>베이커리",1286338236,358584986,128.6337849,35.8583539,
saltbread,daegu,대구 범어역 소금빵,알리KENYA스타커피 대구범어네거리점,대구광역시 수성구 동대구로 311-1,대구광역시 수성구 범어동 563-7,,https://www.instagram.com/alistar_beomeo,"음식점>카페,디저트",1286252315,358584290,128.6252388,35.8584446,
saltbread,daegu,대구 다사역 소금빵,빵집오빠 대구다사점,대구광역시 달성군 다사읍 달구벌대로 864 1층 빵집오빠 대구다사점,대구광역시 달성군 다사읍 죽곡리 117-3 1층 빵집오빠 대구다사점,,https://blog.naver.com/bbangjib58,"카페,디저트>베이커리",1284637625,358584850,128.4637394,35.8586268,
saltbread,daegu,대구 김광석 다시그리기 길 소금빵,대봉동카페운트,대구광역시 중구 동덕로8길 8 1층 카페운트,대구광역시 중구 대봉동 40-70 1층 카페운트,,https://smartstore.naver.com/dong2509-2340,"음식점>카페,디저트",1286054586,358586383,128.6054586,35.8586383,
saltbread,daegu,대구 남산 소금빵,카페헤더,대구광역시 중구 남산로7길 24 1층,대구광역시 중구 남산동 2488-15 1층,,http://instagram.com/cafe_heather,"카페,디저트>베이커리",1285812776,358588191,128.5812553,35.8588343,
saltbread,daegu,대구 다사 소금빵,카페보우케,"대구광역시 달성군 다사읍 대실역북로1길 15-3 1, 2층","대구광역시 달성군 다사읍 매곡리 1547-12 1, 2층",,https://www.instagram.com/Cafe_BOUKE,"음식점>카페,디저트",1284651215,358589872,128.4651732,35.8589367,
saltbread,daegu,대구 범어역 소금빵,마들렌베이커리 범어네거리점,대구광역시 수성구 달구벌대로 2380,대구광역시 수성구 범어동 559-1,,https://blog.naver.com/madeleinebakery,"카페,디저트>베이커리",1286228521,358590499,128.6228414,35.8589842,
saltbread,daegu,대구 계명대역 소금빵,레이몬드베이커리,대구광역시 달서구 선원로 241 성서2차보성타운,대구광역시 달서구 용산동 501-2 성서2차보성타운,,,"카페,디저트>베이커리",1285194758,358591271,128.5187052,35.8594586,
saltbread,daegu,대구 만촌역 소금빵,호랑이빵집,대구광역시 수성구 달구벌대로495길 10,대구광역시 수성구 범어동 168-5,,https://100원커피이벤트-선착순주문하기.com,"카페,디저트>베이커리",1286343957,358594786,128.6343892,35.8594815,
saltbread,daegu,대구 내당역 소금빵 베이커리,이인상과자점,대구광역시 중구 남산로17길 139 1층,대구광역시 중구 남산동 2612-108 1층,,,"카페,디저트>베이커리",1285768002,358597808,128.5768531,35.8597746,
saltbread,daegu,대구 명덕역 소금빵,천씨씨커피 대구남산점,대구광역시 중구 중앙대로61길 37-2 1층 천씨씨커피 남산점,대구광역시 중구 남산동 594-6 1층 천씨씨커피 남산점,,https://100원커피이벤트-선착순주문하기.com,"음식점>카페,디저트",1285897228,358604958,128.5897308,35.860421,
saltbread,daegu,대구 내당 소금빵,올망,대구광역시 서구 달구벌대로361길 12 1층,대구광역시 서구 내당동 209-91 1층,,https://www.instagram.com/olmang_bake?igshid=Y2ZmNzg0YzQ=,"음식점>카페,디저트",1285616617,358604496,128.5617053,35.8604799,
saltbread,daegu,대구 내당 소금빵,반죽하우스,대구광역시 서구 평리로 214 상가 6동 지하1층 30-7호,대구광역시 서구 내당동 340 상가 6동 지하1층 30-7호,,https://www.instagram.com/banjookhouse,"카페,디저트>베이커리",1285468463,358612824,128.5465467,35.8607851,
saltbread,daegu,대구 수성시장 소금빵,로맨틱포레스트,대구광역시 수성구 달구벌대로469길 24 1층,대구광역시 수성구 수성동4가 1009-13 1층,,https://www.instagram.com/romantic_forest.bakery/,"카페,디저트>베이커리",1286193696,358608363,128.6193696,35.8608364,
saltbread,daegu,대구 범어역 소금빵,오렌지템프 커피,대구광역시 수성구 상록로2길 13-5 1층,대구광역시 수성구 범어동 38-9 1층,,https://smartstore.naver.com/orange_temp,"음식점>카페,디저트",1286246295,358608284,128.6246007,35.8608407,
saltbread,daegu,대구 대구은행역 소금빵,슈텐,대구광역시 수성구 수성로 393 슈텐,대구광역시 수성구 수성동4가 1090-8 슈텐,,https://shop.coupang.com/A00572877?locale=ko_KR&platform=m&source=brandstore_share,"카페,디저트>베이커리",1286136103,358604005,128.6135781,35.8609292,
saltbread,daegu,대구 명덕역 소금빵,소브커피,대구광역시 중구 명륜로23길 29 1층,대구광역시 중구 남산동 919-9 1층,,https://www.instagram.com/sove_coffee,"음식점>카페,디저트",1285957513,358612846,128.5957161,35.861278,
saltbread,daegu,대구 명덕역 소금빵,카페다온,대구광역시 중구 명륜로23길 28 1층,대구광역시 중구 봉산동 230-79 1층,,http://카페다온.shop/,"음식점>카페,디저트",1285959221,358612582,128.5959628,35.861295,
saltbread,daegu,대구 경대병원역 소금빵,마들렌베이커리 대봉점,대구광역시 중구 대봉로 255 1층 101호,대구광역시 중구 봉산동 185-30 1층 101호,,https://blog.naver.com/madeleinebakery,"카페,디저트>베이커리",1286002739,358612737,128.6001666,35.8613607,
saltbread,daegu,대구 범어역 소금빵,모리베이커리,대구광역시 수성구 상록로11길 93 1층,대구광역시 수성구 범어동 481-9 1층,,http://instagram.com/moribakery_daegu,"음식점>카페,디저트",1286231450,358618379,128.6231967,35.8618432,
saltbread,daegu,대구 율하 소금빵,소금빵앗간 대구율하점,대구광역시 동구 율하서로 90,대구광역시 동구 율하동 1371,,https://100원커피이벤트-선착순주문하기.com,"음식점>카페,디저트",1286888688,358618213,128.6888432,35.8619042,
saltbread,daegu,대구 명덕 소금빵,명덕빵앗간 범어점,대구광역시 수성구 상록로2길 66 1층,대구광역시 수성구 범어동 32-6 1층,,https://www.instagram.com/md_bbang,"음식점>카페,디저트>베이커리",1286254767,358624530,128.6254767,35.862453,
saltbread,daegu,대구 경대병원역 소금빵,신화빵집,대구광역시 중구 동덕로 91 1층 신화빵집,대구광역시 중구 대봉동 23-7 1층 신화빵집,,http://instagram.com/shinhwa__bread,"카페,디저트>베이커리",1286026253,358627276,128.6026067,35.8626548,
saltbread,daegu,대구 율하 소금빵 베이커리,무라베이커리,대구광역시 동구 안심로22길 60-1 110호 무라베이커리,대구광역시 동구 율하동 1431 110호 무라베이커리,,https://murabakery.dothome.co.kr/,"카페,디저트>베이커리",1286982705,358626626,128.6982705,35.8626626,
saltbread,daegu,대구 내당 소금빵,하프베이크,대구광역시 서구 달구벌대로375길 23-1 1층,대구광역시 서구 내당동 886-8 1층,,,"음식점>카페,디저트",1285706680,358629661,128.5706227,35.8630101,
saltbread,daegu,대구 율하 소금빵,율하양과점,대구광역시 동구 안심로16길 47,대구광역시 동구 율하동 1445,,,"음식점>카페,디저트",1286937409,358632576,128.6937409,35.8632576,
saltbread,daegu,대구 율하 소금빵,사운즈베이커리 율하,"대구광역시 동구 안심로16길 47 타임스퀘어 1층 147호, 148호","대구광역시 동구 율하동 1445 타임스퀘어 1층 147호, 148호",,https://smartstore.naver.com/soundscoffee,"카페,디저트>베이커리",1286932759,358629464,128.6937409,35.8632576,
saltbread,daegu,대구 남산 소금빵,씨티씨커피 남산본점,대구광역시 중구 명륜로12길 67 1층,대구광역시 중구 남산동 230-7 1층,,https://forms.gle/rmTXqBLwcVEfChwz5,"음식점>카페,디저트",1285867582,358633156,128.5867581,35.8633156,
saltbread,daegu,대구 남산 소금빵,마들렌베이커리 반월당점,대구광역시 중구 중앙대로67길 10 마들렌베이커리 반월당점,대구광역시 중구 남산동 665 마들렌베이커리 반월당점,,https://blog.naver.com/madeleinebakery,"카페,디저트>베이커리",1285929219,358632119,128.5925372,35.8636553,
saltbread,daegu,대구 신천역 소금빵,사운즈커피프리미어점,대구광역시 수성구 들안로73길 50-10 1층 사운즈프리미어,대구광역시 수성구 수성동4가 1119-18 1층 사운즈프리미어,,https://smartstore.naver.com/soundscoffee,"카페,디저트>베이커리",1286156594,358643944,128.6156708,35.8643509,
saltbread,daegu,대구 남산 소금빵,소울트 베이커리 스탠드 반월당,대구광역시 중구 달구벌대로414길 33 1층 소울트 베이커리 스탠드 반월당,대구광역시 중구 남산동 570-3 1층 소울트 베이커리 스탠드 반월당,,https://smartstore.naver.com/hiyakid,"카페,디저트>베이커리",1285895625,358644896,128.5896049,35.8645064,
saltbread,daegu,대구 대봉교역 소금빵,베이크드인스테인,대구광역시 중구 달구벌대로445길 41,대구광역시 중구 삼덕동3가 260-2,,,"음식점>카페,디저트",1286066425,358645160,128.606582,35.8645145,
saltbread,daegu,대구 내당역 소금빵 베이커리,까레몽,대구광역시 서구 서대구로 77 평리청구타운상가,대구광역시 서구 평리동 1408 평리청구타운상가,,https://www.instagram.com/bakery_carremont,"카페,디저트>베이커리",1285557619,358644070,128.5551516,35.864559,
saltbread,daegu,대구 동촌역 소금빵,무화커피,대구광역시 수성구 국채보상로186길 81 2층 무화커피,대구광역시 수성구 범어동 136-9 2층 무화커피,,https://smartstore.naver.com/muhwacoffee,"음식점>카페,디저트",1286342307,358647297,128.6342414,35.8647151,
saltbread,daegu,대구 청라언덕 소금빵,칼리프,대구광역시 중구 달구벌대로 1991-1 1층,대구광역시 중구 대신동 926 1층,,https://blog.naver.com/tithunus,"카페,디저트>베이커리",1285816604,358650829,128.581662,35.8650795,
saltbread,daegu,대구 남산 소금빵,더남산커피앤디저트,대구광역시 중구 달구벌대로414길 20 더남산커피앤디저트,대구광역시 중구 남산동 437 더남산커피앤디저트,,https://www.instagram.com/the_namsan,"음식점>카페,디저트",1285896263,358651971,128.5894198,35.8651825,
saltbread,daegu,대구 각산역 소금빵,엠엠지,대구광역시 동구 동호로3길 1 1층,대구광역시 동구 동호동 367-8 1층,,,"음식점>카페,디저트",1287235295,358659542,128.723484,35.865889,
saltbread,daegu,대구 교동 소금빵,빵관심,"대구광역시 중구 동성로1길 45 1층, 2층 전체","대구광역시 중구 봉산동 34-3 1층, 2층 전체",,,"카페,디저트>베이커리",1285960101,358660668,128.5960101,35.8660668,
saltbread,daegu,대구 문양역 소금빵,마스가토,대구광역시 달성군 다사읍 다사로 71,대구광역시 달성군 다사읍 매곡리 1582,,https://www.instagram.com/mas.gateau,"음식점>카페,디저트",1284580949,358655764,128.4581383,35.8662855,
saltbread,daegu,대구 달성공원역 소금빵,르폴뒤,대구광역시 중구 동성로1길 26,대구광역시 중구 덕산동 124-29,,,"카페,디저트>베이커리",1285948911,358664376,128.5948868,35.8664334,
saltbread,daegu,대구 경대병원 소금빵,밀밭베이커리 미인점,대구광역시 중구 동덕로30길 85 1층,대구광역시 중구 동인동4가 274-10 1층,,http://baemin.me/NlvBtIgPa,"카페,디저트>베이커리",1286083890,358665223,128.6084329,35.8665663,
saltbread,daegu,대구 서문시장 소금빵,베즐리 더현대 대구,대구광역시 중구 달구벌대로 2077 지하1층,대구광역시 중구 계산동2가 200 지하1층,,,"카페,디저트>베이커리",1285903107,358666493,128.5906289,35.8667192,
saltbread,daegu,대구 반월당 소금빵 베이커리,카페 워킹컵,대구광역시 중구 달구벌대로 2077 9층,대구광역시 중구 계산동2가 200 9층,,,"음식점>카페,디저트",1285906289,358667192,128.5906289,35.8667192,
saltbread,daegu,대구 경대병원역 소금빵,인더매스 삼덕,대구광역시 중구 공평로8길 29 1층,대구광역시 중구 삼덕동2가 28-1 1층,,https://blog.naver.com/masscoffee_,"음식점>카페,디저트",1286016265,358667540,128.6016419,35.8668034,
saltbread,daegu,대구 교동 소금빵,오디너리하우스,대구광역시 중구 동성로2길 21-8,대구광역시 중구 삼덕동1가 11-2,,https://www.instagram.com/_ordinary_house,"음식점>카페,디저트",1285959115,358670750,128.5959476,35.8671593,
saltbread,daegu,대구 대실 소금빵,로스팅시고 동성로점,대구광역시 중구 남성로 57 로스팅시고,대구광역시 중구 동성로3가 36-7 로스팅시고,,https://www.instagram.com/roasting_sigo?igsh=amZhYzhqY3B3N2F0/roastingsigo_cafe/,"음식점>카페,디저트",1285929942,358672805,128.5929934,35.8672784,
saltbread,daegu,대구 서문시장 소금빵,두아몽떼,대구광역시 중구 약령길 20 1층,대구광역시 중구 계산동2가 134-1 1층,,http://instagram.com/doux_a_monter,"카페,디저트>베이커리",1285890159,358672963,128.5890743,35.8672891,
saltbread,daegu,대구 경대병원 소금빵,도우프커피스탠드,대구광역시 중구 국채보상로140길 17-8 지상1층,대구광역시 중구 동인동4가 210-2 지상1층,,https://www.instagram.com/dou.p_coffee_stand?igsh=OGQ5ZDc2ODk2ZA%3D%3D&utm_source=qr,"음식점>카페,디저트",1286067857,358679434,128.60683,35.8678992,
saltbread,daegu,대구 반월당 소금빵 베이커리,오디너리하우스 종로,대구광역시 중구 중앙대로77길 17 1층 오디너리하우스,대구광역시 중구 종로2가 63 1층 오디너리하우스,,https://www.instagram.com/_ordinary_house,"음식점>카페,디저트",1285926039,358682283,128.592625,35.8682459,
saltbread,daegu,대구 반월당 소금빵 베이커리,스테드,대구광역시 중구 중앙대로77길 14 sted,대구광역시 중구 종로2가 59-3 sted,,https://smartstore.naver.com/stedcoffee,"음식점>카페,디저트",1285928224,358683751,128.5928279,35.868426,
saltbread,daegu,대구 반야월역 소금빵,그라노커피,"대구광역시 동구 안심로90길 29 1층 101호, 201호","대구광역시 동구 괴전동 473-1 1층 101호, 201호",,,"음식점>카페,디저트",1287337654,358685763,128.7338878,35.8684815,
saltbread,daegu,대구 내당역 소금빵 베이커리,퀸즈크라운베이커리카페,대구광역시 서구 서대구로 118 1층~4층,대구광역시 서구 평리동 1369-4 1층~4층,,,"음식점>카페,디저트",1285555724,358685026,128.5556192,35.8685207,
saltbread,daegu,대구 교동 소금빵,삼송빵집 중앙로점,대구광역시 중구 중앙대로 397,대구광역시 중구 동성로3가 1-3,,http://www.ssbnc.kr/,"카페,디저트>베이커리",1285934399,358686159,128.59344,35.8686159,
saltbread,daegu,대구 경대병원역 소금빵,팜앤힐스,대구광역시 중구 동성로6길 43 1층,대구광역시 중구 공평동 16-22 1층,,https://www.instagram.com/farm_and_hills,음식점>양식,1285977663,358687406,128.5977917,35.8687893,
saltbread,daegu,대구 달성공원역 소금빵,버터베이크,대구광역시 중구 동성로 22-1 버터베이크,대구광역시 중구 동성로2가 150-16 버터베이크,,https://www.instagram.com/butterbake_daegu/profilecard/?igsh=MTFzdWZuem10ZmhoNA==,"카페,디저트>베이커리",1285951684,358687949,128.5952195,35.8688082,
saltbread,daegu,대구 반고개역 소금빵,더 댄스,대구광역시 중구 국채보상로102길 35 2층,대구광역시 중구 계산동1가 83-9 2층,,http://www.instagram.com/the.dance.2017,"음식점>카페,디저트",1285862429,358689826,128.5862444,35.8689784,
saltbread,daegu,대구 김광석 다시그리기 길 소금빵 베이커리,몽블랑드파리 동성로본점,"대구광역시 중구 동성로6길 21 1층, 2층 몽블랑드파리 동성로본점","대구광역시 중구 공평동 25-11 1층, 2층 몽블랑드파리 동성로본점",,https://smartstore.naver.com/montblanc_de_paris,"카페,디저트>베이커리",1285966655,358689944,128.5966662,35.869047,
saltbread,daegu,대구 달성공원역 소금빵,소베,대구광역시 중구 중앙대로79길 6 1층,대구광역시 중구 남일동 126-2 1층,,https://www.instagram.com/sauve_bakery?igsh=MXU5cngyMHo5cW8zZg==,"카페,디저트>베이커리",1285932568,358692515,128.5932304,35.8692808,
saltbread,daegu,대구 반야월 소금빵 카페,카페더라,대구광역시 동구 율하동로21길 2 1층 카페더라,대구광역시 동구 율하동 933-7 1층 카페더라,,https://100원커피이벤트-선착순주문하기.com,"음식점>카페,디저트",1287017502,358692927,128.7017502,35.8692928,
saltbread,daegu,대구 서문시장 소금빵,맨션5,대구광역시 중구 중앙대로79길 24-1 맨션5,대구광역시 중구 종로2가 5 맨션5,,http://www.instagram.com/mansion5_daegu,"음식점>카페,디저트",1285920912,358692772,128.5921285,35.8693937,
saltbread,daegu,대구 반야월 소금빵,안심제과,대구광역시 동구 동호로9길 60 1층,대구광역시 동구 신서동 552-1 1층,,http://instagram.com/relax_bakeshop,"음식점>카페,디저트",1287316379,358696003,128.7316957,35.8696098,
saltbread,daegu,대구 반야월 소금빵 베이커리,빵집오빠 반야월점,대구광역시 동구 율하동로24길 19,대구광역시 동구 신기동 265,,,"카페,디저트>베이커리",1287044182,358696591,128.7044471,35.8697224,
saltbread,daegu,대구 각산역 소금빵,In time to coffee,대구광역시 동구 신서로 20 1층,대구광역시 동구 신서동 626-18 1층,,https://www.instagram.com/in_time_to_coffee?igsh=M2E3b3d0d2NmNWl4&utm_source=qr,"음식점>카페,디저트",1287241182,358698004,128.7241183,35.8698006,
saltbread,daegu,대구 고산 소금빵 베이커리,숲베이커리,대구광역시 수성구 팔현길 136,대구광역시 수성구 고모동 90-1,,https://blog.naver.com/forestbakery,"카페,디저트>베이커리",1286660228,358698375,128.6660614,35.8698614,
saltbread,daegu,대구 동대구역 소금빵 베이커리,르고메드파리16 본점,대구광역시 수성구 화랑로 46 MBC네거리에서 효신네거리 가는방향 큰길 대로변 1층,대구광역시 수성구 만촌동 1356-22 MBC네거리에서 효신네거리 가는방향 큰길 대로변 1층,,https://www.instagram.com/legourmetde_paris_16/,"카페,디저트>베이커리",1286331534,358698909,128.6332065,35.8699239,
saltbread,daegu,대구 동대구역 소금빵,르배 본점,대구광역시 수성구 화랑로8길 11-11 1층,대구광역시 수성구 만촌동 1356-19 1층,,https://www.instagram.com/lebaebakery/,"카페,디저트>베이커리",1286337658,358703866,128.6337381,35.8704369,
saltbread,daegu,대구 신기역 소금빵,GRVT 카페 베이커리,대구광역시 동구 범안로 854 5층 & 루프탑,대구광역시 동구 율하동 255 5층 & 루프탑,,https://www.instagram.com/grvt_golf_cafe,"카페,디저트>베이커리",1286942077,358709054,128.6942077,35.8709055,
saltbread,daegu,대구 내당역 소금빵 베이커리,삼송빵집 서대구점,대구광역시 서구 국채보상로 243 한국업사이클센터 1층,대구광역시 서구 평리동 1301 한국업사이클센터 1층,,https://blog.naver.com/samsongbakery1957,"카페,디저트>베이커리",1285576449,358714529,128.5576449,35.871453,
saltbread,daegu,대구 동대구역 소금빵,레이지모닝 동대구점,대구광역시 동구 동부로30길 60-1 레이지모닝,대구광역시 동구 신천동 338-2 레이지모닝,,http://instagram.com/lazymorning_dongdaegu,"카페,디저트>베이커리",1286286545,358716634,128.6286317,35.871685,
saltbread,daegu,대구 신기 소금빵,빵은이네,대구광역시 동구 반야월로24길 13 1층,대구광역시 동구 신기동 160-25 1층,,https://www.instagram.com/bbangeun.zip?igsh=aWRnN3ZtbDBkMTJv&utm_source=qr,"음식점>카페,디저트",1287005437,358725262,128.7005437,35.8725263,
saltbread,daegu,대구 북구청역 소금빵,카페향촌,대구광역시 중구 서성로14길 74 1층,대구광역시 중구 대안동 20-6 1층,,,"음식점>카페,디저트",1285916349,358728100,128.5916349,35.87281,
saltbread,daegu,대구 용계 소금빵,위드윗베이커리,대구광역시 동구 반야월로2길 21-1 1층,대구광역시 동구 용계동 755-18 1층,,https://www.instagram.com/bakery_withwit,"카페,디저트>베이커리",1286911495,358729322,128.6911495,35.8729322,
saltbread,daegu,대구 서구 소금빵,수녹,대구광역시 서구 달서로26길 15-5 1층,대구광역시 서구 비산동 415-13 1층,,,"음식점>카페,디저트",1285729227,358732393,128.5729228,35.8732393,
saltbread,daegu,대구 용계 소금빵,카페팔로,대구광역시 동구 반야월로 16 1층,대구광역시 동구 용계동 755-124 1층,,https://www.instagram.com/cafe_pallo,"음식점>카페,디저트",1286902207,358738906,128.6901224,35.8738994,
saltbread,daegu,대구 반야월역 소금빵,카페누 대구혁신도시점,대구광역시 동구 동내로 34 카페 누,대구광역시 동구 괴전동 108-1 카페 누,,https://www.instagram.com/cafe_nous_/,"음식점>카페,디저트",1287345271,358741486,128.7345271,35.8741486,
saltbread,daegu,대구 해안역 소금빵,대인베짱,대구광역시 수성구 팔현길 212 파크빌리지 1층,대구광역시 수성구 만촌동 57-23 파크빌리지 1층,,http://www.hotel-interburgo-daegu.com/,"카페,디저트>베이커리",1286597811,358743557,128.6597811,35.8743558,
saltbread,daegu,대구 다사 소금빵,르빵쇼,대구광역시 달성군 다사읍 세천로9길 45 1층,대구광역시 달성군 다사읍 세천리 1579-7 1층,,https://www.instagram.com/le_pain_chaud,"음식점>카페,디저트",1284781746,358752573,128.4781746,35.8752573,
saltbread,daegu,대구 명덕 소금빵,명덕빵앗간 동대구점,대구광역시 동구 동대구로 503,대구광역시 동구 신천동 74-1,,https://www.instagram.com/md_bbang,"음식점>카페,디저트>베이커리",1286251106,358753935,128.6250931,35.8754045,
saltbread,daegu,대구 대구역 소금빵,빵장수쉐프 롯데백화점 대구점,대구광역시 북구 태평로 161 롯데백화점 식품관 지하2층 빵장수쉐프,대구광역시 북구 칠성동2가 302-155 롯데백화점 식품관 지하2층 빵장수쉐프,,,"카페,디저트>베이커리",1285960048,358755766,128.5961385,35.8758632,
saltbread,daegu,대구 동대구역 소금빵,베지로운,대구광역시 동구 송라로16길 11 반도유보라아파트상가 1층 101호,대구광역시 동구 신천동 1507 반도유보라아파트상가 1층 101호,,https://blog.naver.com/vegeloun,"카페,디저트>베이커리",1286196350,358765089,128.6177503,35.8760928,
saltbread,daegu,대구 동대구역 소금빵,두낫디스터브 동대구점,대구광역시 동구 동부로30길 9 나동 1층,대구광역시 동구 신천동 381-1 나동 1층,,http://instagram.com/donot_dongdaegu,"음식점>카페,디저트",1286290992,358762545,128.6290992,35.8762545,
saltbread,daegu,대구 반야월역 소금빵,데어오스텐,대구광역시 동구 이노밸리로56길 6,대구광역시 동구 신서동 1159-8,,http://www.instagram.com/cafe_derosten,"음식점>카페,디저트",1287265505,358775466,128.726553,35.8775716,
saltbread,daegu,대구 만촌 소금빵,바파바로 베이커리카페 동촌유원지점,대구광역시 수성구 효행로 5,대구광역시 수성구 만촌동 산28-3,,https://www.instagram.com/bapabaro_cafe?igsh=MWlsNnFxcW4xY2V2aw%3D%3D&utm_source=qr,"카페,디저트>베이커리",1286512448,358778504,128.651149,35.8778658,
saltbread,daegu,대구 신천 소금빵 베이커리,소맥베이커리 신세계백화점 대구점,대구광역시 동구 동부로 149 지하1층,대구광역시 동구 신천동 1506 지하1층,,https://www.instagram.com/somacbakery,"카페,디저트>베이커리",1286281157,358773879,128.62919,35.8779407,
saltbread,daegu,대구 동대구역 소금빵,노티드 대구신세계,대구광역시 동구 동부로 149 신세계백화점 대구점 지하 1층,대구광역시 동구 신천동 1506 신세계백화점 대구점 지하 1층,,https://smartstore.naver.com/cafeknotted,"음식점>카페,디저트>카페",1286282686,358775670,128.62919,35.8779407,
saltbread,daegu,대구 동대구역 소금빵 베이커리,겐츠베이커리 신세계백화점 대구점,대구광역시 동구 동부로 149 신세계동대구복합환승센터 지하 1층,대구광역시 동구 신천동 1506 신세계동대구복합환승센터 지하 1층,,,"카페,디저트>베이커리",1286283069,358778773,128.62919,35.8779407,
saltbread,daegu,대구 방촌 소금빵,카페혜화,대구광역시 동구 동촌로56길 29 1층 카페혜화,대구광역시 동구 방촌동 1113-231 1층 카페혜화,,https://www.instagram.com/cafe_hyehwa,"음식점>카페,디저트",1286696408,358781931,128.6696408,35.8781931,
saltbread,daegu,대구 강창역 소금빵,벨베꼼메,대구광역시 달성군 다사읍 세천북로 66,대구광역시 달성군 다사읍 세천리 162,,https://www.instagram.com/velbekomme_official,"음식점>카페,디저트",1284750728,358782158,128.4750728,35.8782158,
saltbread,daegu,대구 북구청역 소금빵,르페이버리,대구광역시 북구 칠성남로 100,대구광역시 북구 칠성동2가 738,,https://www.instagram.com/lefavori_bakery,"카페,디저트>베이커리",1285917973,358781575,128.5916174,35.8782561,
saltbread,daegu,대구 문양역 소금빵,로드135커피,대구광역시 달성군 하빈면 달구벌대로55길 88 로드135커피,대구광역시 달성군 하빈면 동곡리 135 로드135커피,,,"음식점>카페,디저트",1284187777,358782678,128.4187777,35.8782678,
saltbread,daegu,대구 각산 소금빵,미소띤 하루,대구광역시 동구 이노밸리로 168,대구광역시 동구 각산동 1080-3,,https://blog.naver.com/kyh97940,"카페,디저트>베이커리",1287156243,358784822,128.7156947,35.8783833,
saltbread,daegu,대구 각산 소금빵,레귤러커피바 대구혁신도시,대구광역시 동구 이노밸리로 158 1층 102호 레귤러커피바,대구광역시 동구 각산동 1080 1층 102호 레귤러커피바,,https://www.instagram.com/regularcoffeebar_,"음식점>카페,디저트",1287144561,358785872,128.7145151,35.8784732,
saltbread,daegu,대구 아양교역 소금빵,카페탬퍼,대구광역시 동구 동부로 207 1층 대경사과원예농협 본사 1층 하나로마트내부,대구광역시 동구 효목동 288 1층 대경사과원예농협 본사 1층 하나로마트내부,,,"카페,디저트>카페",1286344863,358792787,128.6344367,35.8793215,
saltbread,daegu,대구 소금빵,슬로우벗베럴 대구점,대구광역시 동구 신평로 113,대구광역시 동구 신평동 313-1,,https://www.instagram.com/slow_but_better_official,"음식점>카페,디저트",1286822174,358794148,128.6822274,35.8794404,
saltbread,daegu,대구 각산 소금빵,노커커피 각산,"대구광역시 동구 과학로 12 1층 101호, 2층 201호","대구광역시 동구 각산동 1072-1 1층 101호, 2층 201호",,https://100원커피이벤트-선착순주문하기.com,"음식점>카페,디저트",1287165182,358798061,128.7165735,35.8797661,
saltbread,daegu,대구 북구청 소금빵,앙쥬베이커리,대구광역시 북구 고성로 154 1층,대구광역시 북구 고성동2가 111-2 1층,,,"카페,디저트>베이커리",1285825188,358809888,128.5825188,35.8809888,
saltbread,daegu,대구 방촌역 소금빵,드롭탑 동촌유원지점,대구광역시 동구 효동로6길 86 1층,대구광역시 동구 효목동 1010-10 1층,,,"음식점>카페,디저트",1286517438,358815686,128.6517236,35.881539,
saltbread,daegu,대구 북구청 소금빵,바지크,대구광역시 북구 고성북로6길 2 1층 바지크,대구광역시 북구 고성동3가 6-324 1층 바지크,,https://www.instagram.com/bazzikk__cafe,"카페,디저트>베이커리",1285830264,358816568,128.5830264,35.8816568,
saltbread,daegu,대구 신천역 소금빵,한스브라운,대구광역시 북구 대현남로 41,대구광역시 북구 대현동 395-1,,,"카페,디저트>베이커리",1286073825,358817332,128.6073237,35.881715,
saltbread,daegu,대구 달성공원역 소금빵,빌리웍스,대구광역시 북구 고성북로10길 41 빌리웍스,대구광역시 북구 고성동3가 1-13 빌리웍스,,http://billyworks.kr,"음식점>카페,디저트",1285884946,358831446,128.5885012,35.8831427,
saltbread,daegu,대구 아양교 소금빵,인스퍼레이션디 동촌유원지,대구광역시 동구 효동로6길 57 인스퍼레이션디 동촌유원지,대구광역시 동구 효목동 979 인스퍼레이션디 동촌유원지,,,"음식점>카페,디저트",1286490834,358832723,128.6490788,35.8832136,
saltbread,daegu,대구 아양교 소금빵,해월당 대구동촌유원지점,대구광역시 동구 효동로6길 5-26 1~4층,대구광역시 동구 효목동 212-272 1~4층,,https://www.youtube.com/@haewoldang_official,"카페,디저트>베이커리",1286468717,358833734,128.6468717,35.8833735,
saltbread,daegu,대구 원대역 소금빵,로비아네,대구광역시 북구 옥산로 111 1층,대구광역시 북구 칠성동2가 2-4 1층,,,"음식점>카페,디저트",1285882497,358844463,128.5882497,35.8844463,
saltbread,daegu,대구 각산 소금빵,멜로오븐,대구광역시 동구 경안로 938 위파크상가111호,대구광역시 동구 각산동 1058 위파크상가111호,,https://www.instagram.com/melo.oven,"음식점>카페,디저트",1287168789,358852762,128.716857,35.8850614,
saltbread,daegu,대구 동촌 소금빵,보스턴커피,대구광역시 동구 방촌로 58,대구광역시 동구 검사동 754-5,,https://www.bostoncoffee.co.kr/,"음식점>카페,디저트",1286594197,358853956,128.6594197,35.8853958,
saltbread,daegu,대구 아양교역 소금빵,위니오븐 WEENY OVEN,"대구광역시 동구 동북로 417-1 지하1층, 1층","대구광역시 동구 신암동 106-54 지하1층, 1층",,https://www.instagram.com/weenyoven_bakery,"카페,디저트>베이커리",1286329823,358858757,128.6329943,35.8858612,
saltbread,daegu,대구 북구청 소금빵,크럼키,대구광역시 북구 옥산로9길 6,대구광역시 북구 노원동1가 369,,https://smartstore.naver.com/crumkie,"카페,디저트>베이커리",1285814627,358858644,128.5814627,35.8858645,
saltbread,daegu,대구 원대 소금빵 카페,카페캔버스 원대자이점,대구광역시 서구 고성로 46 1층,대구광역시 서구 비산동 1192-62 1층,,https://100원커피이벤트-선착순주문하기.com,"음식점>카페,디저트",1285723277,358858695,128.5722768,35.8858695,
saltbread,daegu,대구 북구청 소금빵,마들렌베이커리 침산점,대구광역시 북구 침산로21길 41 마들렌베이커리 침산점,대구광역시 북구 칠성동2가 1-2 마들렌베이커리 침산점,,https://blog.naver.com/madeleinebakery,"카페,디저트>베이커리",1285859962,358863715,128.5859029,35.8862002,
saltbread,daegu,대구 원대 소금빵 베이커리,천냥빵떡대장 원대점,대구광역시 서구 고성로 33 403동 1층 104호,대구광역시 서구 원대동3가 1649 403동 1층 104호,,https://blog.naver.com/bbangtteok_official,"카페,디저트>베이커리",1285746610,358874587,128.5725582,35.8863461,
saltbread,daegu,대구 동촌 소금빵,"브레드,령",대구광역시 동구 동촌로 100 401동 101호,대구광역시 동구 검사동 1111 401동 101호,,https://www.instagram.com/bread_ryeong,"카페,디저트>베이커리",1286517553,358868187,128.6518848,35.8863691,
saltbread,daegu,대구 북구청 소금빵,레이어드크림,대구광역시 북구 원대로 109 3호,대구광역시 북구 노원동1가 327 3호,,https://pf.kakao.com/_xbxjzfn/chat,"음식점>카페,디저트",1285821807,358873656,128.5822089,35.8871698,
saltbread,daegu,대구 각산 소금빵,소렐레,대구광역시 동구 과학로13길 54-14 1층,대구광역시 동구 각산동 1039-6 1층,,https://instagram.com/s_orell_e?igshid=YmMyMTA2M2Y=,브런치카페,1287170666,358893938,128.7170666,35.8893938,
saltbread,daegu,대구 안심 소금빵,몽글,"대구광역시 북구 침산남로19길 6 102호, 103호","대구광역시 북구 침산동 363-2 102호, 103호",,https://www.instagram.com/mongle_chimsan/,"음식점>카페,디저트",1285868202,358896243,128.5869552,35.8896128,
saltbread,daegu,대구 소금빵,마고플레인아양,대구광역시 동구 해동로 107 마고플레인아양,대구광역시 동구 지저동 872-1 마고플레인아양,,https://www.instagram.com/margaux__plain/,"카페,디저트>베이커리",1286419691,358903009,128.6419965,35.8903542,
saltbread,daegu,대구 아양교 소금빵,유니크플레이스,대구광역시 동구 아양로57길 9 1층 유니크플레이스,대구광역시 동구 지저동 870-13 1층 유니크플레이스,,https://www.instagram.com/uniqueplace_0630?igsh=bGV3bmtubTdpaTEw,"음식점>카페,디저트",1286422615,358910359,128.6422615,35.8910359,
saltbread,daegu,대구 동촌역 소금빵,스테이블모먼트 복현점,대구광역시 북구 복현로8길 19-36 스테이블모먼트,대구광역시 북구 복현동 253-3 스테이블모먼트,,https://www.instagram.com/stable_moment01/,"음식점>카페,디저트",1286257967,358973476,128.6257967,35.8973477,
saltbread,daegu,대구 매천 소금빵,포아르,대구광역시 북구 매전로4길 18,대구광역시 북구 매천동 738,,,"카페,디저트>베이커리",1285433872,359069853,128.5433296,35.9069997,
saltbread,daegu,대구 하양역 소금빵,스텀프하우스,경상북도 경산시 하양읍 대경로 669,경상북도 경산시 하양읍 금락리 116-290,,,"음식점>카페,디저트",1288145857,359086242,128.8145857,35.9086242,
saltbread,daegu,대구 하양역 소금빵,카페거기 본점,경상북도 경산시 하양읍 하양로 89 2층,경상북도 경산시 하양읍 금락리 113-8 2층,,https://www.instagram.com/cafe_geogi,"음식점>카페,디저트",1288176423,359128035,128.8176423,35.9128036,
saltbread,daegu,대구 매천 소금빵,꾸떼 베이커리카페,대구광역시 북구 매천로37길 8 1층,대구광역시 북구 매천동 144-1 1층,,,"음식점>카페,디저트",1285416318,359135646,128.5416318,35.9135647,
saltbread,daegu,대구 하양역 소금빵,말랑베이커리,경상북도 경산시 하양읍 서사도리9로 27 113호,경상북도 경산시 하양읍 서사리 343 113호,,https://www.instagram.com/marlang_bakery?igsh=MWpic3h0cWZtcWF2eQ==,"카페,디저트>베이커리",1288128711,359167221,128.8129432,35.9165704,
saltbread,daegu,대구 하양역 소금빵,커피키친한일 경산하양본점,경상북도 경산시 하양읍 금송로 62 커피키친한일 경산하양 본점,경상북도 경산시 하양읍 동서리 609 커피키친한일 경산하양 본점,,https://www.instagram.com/________hanill?igsh=MWRiYzBnb2JkNmlrcg==,갤러리카페,1288192559,359180544,128.8194291,35.9180831,
saltbread,daegu,대구 태전 소금빵,바루베이크샵,대구광역시 북구 칠곡중앙대로54길 7 1층 바루베이크샵,대구광역시 북구 태전동 623-7 1층 바루베이크샵,,https://www.instagram.com/baru_bakeshop/?igshid=YmMyMTA2M2Y%3D,"음식점>카페,디저트",1285470007,359206026,128.546994,35.9205556,
saltbread,daegu,대구 태전 소금빵,아니무스,대구광역시 북구 태전로13길 48 카페 아니무스,대구광역시 북구 태전동 143-1 카페 아니무스,,,"음식점>카페,디저트",1285415573,359218411,128.5415574,35.9218411,
saltbread,daegu,대구 구암역 소금빵,이승연베이커리,대구광역시 북구 태전로 21 1층,대구광역시 북구 태전동 155-2 1층,,,"카페,디저트>베이커리",1285445205,359221029,128.5445205,35.9221029,
saltbread,daegu,대구 태전 소금빵,핑퐁커피 칠곡점,대구광역시 북구 태전로13길 29 1층,대구광역시 북구 태전동 255-34 1층,,,"음식점>카페,디저트",1285421863,359234450,128.5421863,35.9234451,
saltbread,daegu,대구 구암 소금빵,메모베이크,대구광역시 북구 태암남로 48-16 103호 메모베이크,대구광역시 북구 구암동 616-33 103호 메모베이크,,https://www.instagram.com/memobake_,"카페,디저트>베이커리",1285518918,359236104,128.5519106,35.9236279,
saltbread,daegu,대구 소금빵,소소래,대구광역시 북구 학정로 284 (구암동),대구광역시 북구 구암동 482-51,,https://smartstore.naver.com/sosorae,"음식점>카페,디저트",1285616001,359297879,128.5617221,35.9297503,
saltbread,daegu,대구 구암 소금빵,낭만실조,대구광역시 북구 구암로32길 22 (칠곡동서타운2차APT 앞 대로변 상가 건물 위치),대구광역시 북구 구암동 655-3 칠곡동서타운2차APT 앞 대로변 상가 건물 위치,,https://www.instagram.com/romanceless_coffee,"음식점>카페,디저트",1285574792,359299671,128.5565916,35.9300782,
saltbread,daegu,대구 태전 소금빵,커피하우스,대구광역시 북구 관음로 18 대백맨션상가 103호( 또래치킨 옆),대구광역시 북구 태전동 1066-23 대백맨션상가 103호( 또래치킨 옆),,https://www.instagram.com/cafe_cose_,"음식점>카페,디저트",1285401625,359323293,128.5400582,35.9314537,
saltbread,daegu,대구 동천 소금빵,레이지모닝,대구광역시 북구 동천로 5-15 레이지모닝 칠곡점,대구광역시 북구 동천동 874-4 레이지모닝 칠곡점,,http://www.instagram.com/lazymorning_chilgok,"음식점>카페,디저트",1285566055,359322135,128.5565602,35.9322912,
saltbread,daegu,대구 칠곡운암역 소금빵,까페 5도씨,대구광역시 북구 칠곡중앙대로 419 동아아울렛 별관 1층 까페5도씨,대구광역시 북구 관음동 1378-7 동아아울렛 별관 1층 까페5도씨,,,"음식점>카페,디저트",1285482013,359331562,128.5480938,35.9332564,
saltbread,daegu,대구 칠곡운암역 소금빵,유병오과자점,대구광역시 북구 대천로 101 1층 유병오과자점,대구광역시 북구 동천동 915 1층 유병오과자점,,,"카페,디저트>베이커리",1285613902,359367650,128.5613686,35.9379203,
saltbread,daegu,대구 동천 소금빵,메종드빵,대구광역시 북구 동천로 87 메종드빵,대구광역시 북구 동천동 917-8 메종드빵,,https://blog.naver.com/ossseok,"카페,디저트>베이커리",1285599986,359394457,128.5599589,35.9393977,
saltbread,daegu,대구 구암 소금빵,에버블루밍,대구광역시 북구 구암로60길 70,대구광역시 북구 구암동 107,,https://www.instagram.com/cafe_everblooming,브런치카페,1285707008,359400003,128.5707008,35.9400003,
saltbread,daegu,대구 구암 소금빵,포이베이크,대구광역시 북구 구암로65길 10 1층,대구광역시 북구 구암동 784-1 1층,,,"카페,디저트>베이커리",1285686866,359409419,128.5687948,35.9409664,
saltbread,daegu,대구 동천 소금빵,아침을기다리는빵,대구광역시 북구 동천로24길 17,대구광역시 북구 동천동 911-5,,,"카페,디저트>베이커리",1285624212,359418172,128.5624893,35.9419832,
saltbread,daegu,대구 팔거역 소금빵,제로디스턴스,대구광역시 북구 동천로23길 48 1층,대구광역시 북구 동천동 969-7 1층,,,"음식점>카페,디저트",1285556397,359431405,128.5556397,35.9431405,
saltbread,daegu,대구 동천 소금빵,사운즈커피칠곡3지구점,대구광역시 북구 동천로 125-16 1층 사운즈커피,대구광역시 북구 동천동 904-1 1층 사운즈커피,,https://smartstore.naver.com/soundscoffee,"카페,디저트>베이커리",1285590191,359432307,128.5591126,35.9432822,
saltbread,daegu,대구 동천 소금빵,빵내음솔과자점,대구광역시 북구 동암로 110 빵내음 솔,대구광역시 북구 동천동 896-1 빵내음 솔,,,"카페,디저트>베이커리",1285629918,359440348,128.562838,35.9439422,
saltbread,daegu,대구 학정 소금빵,카페엔,대구광역시 북구 학남로 11 1층,대구광역시 북구 학정동 946-2 1층,,https://www.instagram.com/cafe.n.official/?igsh=MXU5ZG13YmNlc2ZodA%3D%3D,"음식점>카페,디저트",1285662080,359487588,128.5662436,35.9487711,
saltbread,daegu,대구 학정 소금빵,스너그버터,대구광역시 북구 학남로3길 28 1층 스너그버터,대구광역시 북구 학정동 935-5 1층 스너그버터,,https://www.instagram.com/snug_butter,"음식점>카페,디저트",1285675770,359509302,128.5676223,35.9508964,
saltbread,daegu,대구 학정 소금빵,빵구움,대구광역시 북구 학남로3길 40-6 이수하이츠 102호,대구광역시 북구 학정동 930-15 이수하이츠 102호,,https://www.instagram.com/bbang9um?igsh=YmF5N2RmNjB4cXZl,"음식점>카페,디저트",1285679895,359519618,128.5679842,35.9519435,
saltbread,daegu,대구 동구 소금빵,브리니 팔공,대구광역시 동구 팔공로206길 4 브리니 팔공,대구광역시 동구 백안동 536 브리니 팔공,,https://www.instagram.com/briny_palgong,"음식점>카페,디저트",1286908899,359533128,128.6908899,35.9533128,
saltbread,daegu,대구 경대병원 소금빵,라운드라운드,대구광역시 북구 학정로 550 1층,대구광역시 북구 학정동 926-1 1층,,https://blog.naver.com/roundroundbread,"카페,디저트>베이커리",1285659276,359536764,128.5660009,35.953612,
saltbread,daegu,대구 동구 소금빵,커들포드,대구광역시 동구 팔공로 1334 커들포드,대구광역시 동구 진인동 394-2 커들포드,,https://www.instagram.com/cuddlepod_official,"음식점>카페,디저트",1287234507,359592982,128.7234507,35.9592982,
saltbread,daegu,대구 팔공산 소금빵 베이커리,굿테이스트커피 by 커피맛을조금아는남자,대구광역시 동구 팔공산로277길 26 26-1(백안동),대구광역시 동구 백안동 324-4 26-1,,https://www.instagram.com/goodtaste_palgong,"음식점>카페,디저트",1286984802,359606476,128.6986144,35.9607296,
saltbread,daegu,대구 안심 소금빵 카페,로스팅 랩,대구광역시 동구 팔공산로 1173 로스팅랩커피솦,대구광역시 동구 용수동 67-49 로스팅랩커피솦,,,음식점>일식>돈가스,1286930589,359883199,128.6930589,35.9883199,
saltbread,daegu,대구 팔공산 소금빵,티아이티에프,대구광역시 동구 팔공산로 1169,대구광역시 동구 용수동 67-54,,http://instagram.com/titf803,"카페,디저트>베이커리",1286927670,359884992,128.6927623,35.9885051,
saltbread,daegu,대구 팔공산 소금빵,앤지스2,"대구광역시 동구 팔공산로185길 71 (1,2층)","대구광역시 동구 용수동 59-31 1,2층",,https://www.instagram.com/wood.mood.good,"음식점>카페,디저트",1286940966,359887639,128.6940966,35.9887639,
saltbread,daegu,대구 동구 소금빵,초이스엠,대구광역시 동구 팔공산로 260 초이스엠,대구광역시 동구 덕곡동 105-1 초이스엠,,https://youtu.be/Ke70zHMIm10?si=xKqfX6ZEvPMAnf2c,"카페,디저트>베이커리",1286139649,359928842,128.6139396,35.9928722,
saltbread,daegu,대구 팔공산 소금빵 베이커리,카페스톤,대구광역시 군위군 부계면 한티로 1525-6,대구광역시 군위군 부계면 남산리 1138-4,,https://www.instagram.com/cafestone_?igsh=MXJ3M3dvc24xdTR1cg==,"음식점>카페,디저트",1286307242,360298746,128.6307242,36.0298746,
saltbread,daegu,대구 팔달역 소금빵,꿈빵,경기도 수원시 팔달구 덕영대로 935 1층,경기도 수원시 팔달구 매산로1가 57-42 1층,,,"카페,디저트>베이커리",1270018271,372651236,127.001836,37.2651723,
saltbread,daegu,대구 팔달역 소금빵,욤카페 수원직영점,경기도 수원시 팔달구 향교로3번길 21 1층 101호,경기도 수원시 팔달구 매산로1가 14-8 1층 101호,,,"음식점>카페,디저트",1270013015,372685055,127.0011505,37.2684311,
saltbread,daegu,대구 팔달역 소금빵,호우 수원,경기도 수원시 팔달구 덕영대로895번길 20 1층 호우 수원,경기도 수원시 팔달구 매산로1가 12-3 1층 호우 수원,,https://www.instagram.com/hou_suwon,"음식점>카페,디저트",1270005111,372692525,127.0005632,37.2692324,
saltbread,daegu,대구 팔달역 소금빵,일상엔,"경기도 수원시 팔달구 고화로 8 1층, 2층","경기도 수원시 팔달구 매산로3가 128-12 1층, 2층",,https://m.place.naver.com/restaurant/1698866140,"음식점>카페,디저트",1270081915,372703543,127.0081915,37.2703543,
saltbread,daegu,대구 팔달시장 소금빵,더캔트,경기도 수원시 팔달구 행궁로 70 1층,경기도 수원시 팔달구 팔달로3가 118 1층,,https://youtube.com/thecantdessert,"음식점>카페,디저트",1270156552,372764193,127.0156289,37.2764508,
saltbread,daegu,대구 팔달시장 소금빵,팔달제과,경기도 수원시 팔달구 행궁로 39 팔달제과,경기도 수원시 팔달구 남창동 109-1 팔달제과,,https://www.instagram.com/paldaljegwa/,"음식점>카페,디저트",1270152474,372790614,127.0152474,37.2790614,
saltbread,daegu,대구 팔달시장 소금빵,꼼빠도르,경기도 수원시 팔달구 정조로 797-2 다모아빌딩 1층,경기도 수원시 팔달구 팔달로2가 101-1 다모아빌딩 1층,,https://www.instagram.com/compador_bakery,"카페,디저트>베이커리",1270164933,372793443,127.0163533,37.2793281,
saltbread,daegu,대구 팔달시장 소금빵,143카페,경기도 수원시 팔달구 정조로801번길 2 1층,경기도 수원시 팔달구 팔달로1가 73-2 1층,,https://www.instagram.com/143_oneforthee,"음식점>카페,디저트",1270165071,372796185,127.0164483,37.2796357,
saltbread,daegu,대구 팔달시장 소금빵,모난노커피,"경기도 수원시 팔달구 수원천로 303 2층, 나무문","경기도 수원시 팔달구 남수동 131-7 2층, 나무문",,https://www.instagram.com/monannocoffee,"음식점>카페,디저트",1270180095,372804567,127.0180095,37.2804567,
saltbread,daegu,대구 동구청역 소금빵,미스김라일락,인천광역시 남동구 구월로372번길 83-1,인천광역시 남동구 만수동 976-1,,https://www.instagram.com/cafe.misskimlilac,"음식점>카페,디저트",1267317830,374510024,126.731783,37.4510024,
saltbread,daegu,대구 동구청역 소금빵,케익하우스 델리,인천광역시 남동구 구월남로 280 알파프라자,인천광역시 남동구 구월동 1273-9 알파프라자,,,"카페,디저트>베이커리",1267207216,374520581,126.7208138,37.451961,
saltbread,daegu,대구 동구청역 소금빵,레프티,인천광역시 남동구 백범로180번길 90 1층 레프티베이커리,인천광역시 남동구 만수동 73-4 1층 레프티베이커리,,https://www.instagram.com/lefty_bakery,"카페,디저트>베이커리",1267323152,374609515,126.7322613,37.4608924,
saltbread,daegu,대구 동구청역 소금빵,달콤한율작업실,인천광역시 남동구 백범로226번길 34 1층 일부호,인천광역시 남동구 만수동 854-39 1층 일부호,,http://baemin.me/CMQ_hseuB,"음식점>카페,디저트",1267247725,374617959,126.7247821,37.4618295,
saltbread,daegu,대구 동구청역 소금빵,문스톤,인천광역시 남동구 호구포로888번길 9-15 101호,인천광역시 남동구 간석동 919-3 101호,,https://blog.naver.com/moonstone_coffee,"음식점>카페,디저트",1267210337,374622724,126.7210337,37.4622724,
saltbread,daegu,대구 공단역 소금빵,프랑세즈과자점,서울특별시 금천구 남부순환로 1392,서울특별시 금천구 독산동 876-3,,,"음식점>카페,디저트>베이커리",1269054173,374799230,126.9054242,37.4798771,
saltbread,daegu,대구 공단역 소금빵,이설하베이커리카페,서울특별시 관악구 시흥대로 578 1층,서울특별시 관악구 신림동 1643 1층,,https://m.site.naver.com/1WEbk,"카페,디저트>베이커리",1269033564,374843999,126.9032654,37.4843215,
saltbread,daegu,대구 공단역 소금빵,바롤로커피 구로디지털단지 본점,서울특별시 구로구 디지털로 300 지밸리몰 지하1층 바롤로커피,서울특별시 구로구 구로동 188-25 지밸리몰 지하1층 바롤로커피,,https://blog.naver.com/barolocoffee,"음식점>카페,디저트",1268966650,374854160,126.8965381,37.4849271,
saltbread,daegu,대구 공단역 소금빵,초승달빵앗간,서울특별시 동작구 시흥대로 606 판매시설동 129호,서울특별시 동작구 신대방동 686-48 판매시설동 129호,,,"카페,디저트>베이커리",1269047191,374862775,126.9052365,37.4864582,
saltbread,daegu,대구 공단역 소금빵,라 카스카타,서울특별시 동작구 시흥대로 606 협성휴포레시그니처 116호,서울특별시 동작구 신대방동 686-48 협성휴포레시그니처 116호,,,"카페,디저트>베이커리",1269052365,374864582,126.9052365,37.4864582,
saltbread,daegu,대구 화원역 소금빵,브리커피 신용산,서울특별시 용산구 한강대로38길 25,서울특별시 용산구 용산동5가 2-29,,,"음식점>카페,디저트",1269699068,375292052,126.9699068,37.5292052,
saltbread,daegu,대구 화원역 소금빵,브로트아트 용산점,서울특별시 용산구 한강대로 131,서울특별시 용산구 한강로2가 246-1,,https://smartstore.naver.com/brotart,"카페,디저트>베이커리",1269696455,375313915,126.9696455,37.5313915,
saltbread,daegu,대구 화원역 소금빵,도토리 용산점,서울특별시 용산구 한강대로52길 25-6 1층,서울특별시 용산구 한강로1가 227 1층,,https://www.instagram.com/dotori__seoul,"음식점>카페,디저트",1269727984,375319087,126.9727984,37.5319087,
saltbread,daegu,대구 화원역 소금빵,파차마마 베이커리,서울특별시 용산구 한강대로62다길 9 1층,서울특별시 용산구 한강로1가 205-1 1층,,https://www.instagram.com/pachamama.bakery,"카페,디저트>베이커리",1269740897,375332867,126.9741092,37.5333368,
saltbread,daegu,대구 화원역 소금빵,카키문,"서울특별시 용산구 백범로99길 40 102동 106, 107호 카키문","서울특별시 용산구 한강로2가 426 102동 106, 107호 카키문",,https://www.instagram.com/khakimooncoffee,"음식점>카페,디저트",1269713322,375351968,126.9715459,37.5355645,
saltbread,daegu,대구 만평역 소금빵,빵학개론 행신역점,경기도 고양시 덕양구 용현로 3 1층101호,경기도 고양시 덕양구 행신동 766-2 1층101호,,,"카페,디저트>베이커리",1268356470,376130797,126.835647,37.6130797,
saltbread,daegu,대구 만평역 소금빵,아앰브레드행신점,경기도 고양시 덕양구 충경로 48,경기도 고양시 덕양구 행신동 757,,https://www.instagram.com/iambread3894,"카페,디저트>베이커리",1268351207,376153494,126.8349743,37.6152521,
saltbread,daegu,대구 만평역 소금빵,크림커피앤디저트,경기도 고양시 덕양구 무원로36번길 59 1층 크림커피앤디저트,경기도 고양시 덕양구 행신동 720-1 1층 크림커피앤디저트,,http://instagram.com/cream_c.and.d,"음식점>카페,디저트",1268327265,376167467,126.8327265,37.6167467,
saltbread,daegu,대구 만평역 소금빵,펜시 베이커리앤카페,경기도 고양시 덕양구 무원로 50-4 1층,경기도 고양시 덕양구 행신동 726-1 1층,,https://www.instagram.com/fancy_bakerycafe,"카페,디저트>베이커리",1268326644,376171549,126.8326699,37.6171104,
saltbread,daegu,대구 만평역 소금빵,다니당,경기도 고양시 덕양구 용현로 57 1층 다니당,경기도 고양시 덕양구 행신동 743-9 1층 다니당,,https://blog.naver.com/ekdls3833,"음식점>카페,디저트",1268356918,376179660,126.8356481,37.6179712,
saltbread,daegu,대구 동구청 소금빵,조니베이커리,경기도 고양시 일산동구 백마로 195 1층 1148호,경기도 고양시 일산동구 장항동 869 1층 1148호,,https://www.instagram.com/johnny_bakery_?igsh=cnNwdXFyYndodXB5,"카페,디저트>베이커리",1267711069,376546045,126.7717878,37.6548218,
saltbread,daegu,대구 동구청 소금빵,멜팅브레드,경기도 고양시 일산동구 정발산로 24 B-128호,경기도 고양시 일산동구 장항동 868 B-128호,,,"카페,디저트>베이커리",1267731328,376544548,126.7721369,37.6557939,
saltbread,daegu,대구 동구청 소금빵,트리플에이커피 일산MBC점,경기도 고양시 일산동구 정발산로 15 드림월드빌딩 106호,경기도 고양시 일산동구 장항동 863-1 드림월드빌딩 106호,,https://www.instagram.com/triple_a_ilsan/,"음식점>카페,디저트",1267703371,376562411,126.7705699,37.6564196,
saltbread,daegu,대구 동구청 소금빵,폼드팡베이커리 일산점,경기도 고양시 일산동구 정발산로 38 이시턴시티 1층 109호,경기도 고양시 일산동구 장항동 855 이시턴시티 1층 109호,,,"카페,디저트>베이커리",1267730562,376569360,126.7731559,37.6567215,
saltbread,daegu,대구 동구청 소금빵,김민성셰프베이커리,경기도 고양시 일산동구 정발산로 43-20 센트럴프라자1층 김민성셰프베이커리,경기도 고양시 일산동구 장항동 846 센트럴프라자1층 김민성셰프베이커리,,,"카페,디저트>베이커리",1267734506,376586538,126.773416,37.6584064,
